Job_ID,Job_Title,Company,Location,Experience_Years,Education,Employment_Type,Salary_Min_LPA,Salary_Max_LPA,Required_Skills,Soft_Skills,Programming_Languages,Technologies,Industry,Work_Mode,Job_Posting_Date,Candidate_ID,Resume_Skills,Certifications,Target_Role
JOB0001,Data Scientist,Quantix Systems,Noida,2,B.Tech/B.E.,Contract,8.0,9.8,"Python, SQL, Machine Learning, Pandas, NumPy, Statistics, Power BI, Spark","Time Management, Communication, Adaptability","Python, SQL","Excel, AWS, Jenkins",Consulting,Hybrid,2026-04-12,CAND0001,"SQL, NumPy, Pandas, Python, Power BI, Statistics, Machine Learning",AWS Certified,Data Scientist
JOB0002,ML Engineer,CodeCraft India,Chennai,2,Any Graduate,Full-time,8.4,10.2,"Python, Machine Learning, TensorFlow, PyTorch, Docker, SQL, React, Java","Teamwork, Communication, Analytical Thinking","Python, SQL, Java","Azure, Excel, TensorFlow",FinTech,Onsite,2026-05-31,CAND0002,"Docker, React, Python, PyTorch, SQL",None,ML Engineer
JOB0003,Data Engineer,CloudPeak Systems,Gurugram,5,Master's Degree,Contract,9.2,11.8,"Python, SQL, Spark, AWS, Docker, ETL, Jenkins, Git","Collaboration, Leadership, Analytical Thinking","Python, SQL","PyTorch, Jira, Excel",IT Services,Onsite,2026-05-06,CAND0003,"Docker, ETL, Jenkins, Python",None,Data Engineer
JOB0004,Business Analyst,InnoSoft Technologies,Ahmedabad,0,Any Graduate,Contract,5.7,8.9,"Excel, SQL, Power BI, Tableau, Communication, Requirements Analysis, Python, Git","Adaptability, Collaboration, Problem Solving","SQL, Python","Azure, AWS, Spark",Manufacturing,Onsite,2026-03-13,CAND0004,"Tableau, Requirements Analysis, Git, Python, Communication",None,ML Engineer
JOB0005,Data Scientist,DataSphere Analytics,Delhi,6,Master's Degree,Full-time,10.2,11.9,"Python, SQL, Machine Learning, Pandas, NumPy, Statistics, TensorFlow, PyTorch","Critical Thinking, Communication, Analytical Thinking","Python, SQL","Databricks, Jenkins, TensorFlow",Retail,Onsite,2026-06-24,CAND0005,"PyTorch, NumPy, Machine Learning, TensorFlow, Python, Statistics",Azure Fundamentals,Data Scientist
JOB0006,Data Scientist,InnoSoft Technologies,Kolkata,4,Bachelor's Degree,Full-time,8.9,12.7,"Python, SQL, Machine Learning, Pandas, NumPy, Statistics, React, JavaScript","Critical Thinking, Teamwork, Adaptability","Python, SQL, JavaScript","Spark, Excel, AWS",E-Commerce,Remote,2026-01-30,CAND0006,"Python, NumPy, Machine Learning, Pandas, JavaScript, React, SQL",Microsoft Power BI,Data Scientist
JOB0007,Cloud Engineer,DataSphere Analytics,Chennai,4,Bachelor's Degree,Internship,9.0,13.4,"AWS, Azure, Docker, Kubernetes, Linux, Python, React, Spark","Collaboration, Leadership, Time Management",Python,"Azure, Power BI, Tableau",IT Services,Onsite,2026-04-26,CAND0007,"Kubernetes, Python, Docker, Spark, React, Azure, Linux",None,Cloud Engineer
JOB0008,Data Analyst,DataSphere Analytics,Noida,4,BCA/MCA,Contract,6.1,9.1,"Python, SQL, Excel, Power BI, Tableau, Statistics, Jira, Azure","Adaptability, Critical Thinking, Collaboration","Python, SQL","Jenkins, Power BI, Git",FinTech,Onsite,2026-02-18,CAND0008,"Excel, Statistics, Tableau, Jira, Power BI, Python, SQL",Microsoft Power BI,Data Analyst
JOB0009,Business Analyst,Quantix Systems,Mumbai,1,Bachelor's Degree,Full-time,5.6,7.5,"Excel, SQL, Power BI, Tableau, Communication, Requirements Analysis, PyTorch, React","Problem Solving, Adaptability, Leadership",SQL,"Kubernetes, Azure, Docker",IT Services,Onsite,2026-01-26,CAND0009,"Communication, Tableau, SQL, Excel",Microsoft Power BI,Business Analyst
JOB0010,Data Analyst,CodeCraft India,Gurugram,8,Any Graduate,Internship,8.6,11.0,"Python, SQL, Excel, Power BI, Tableau, Statistics, Java, Docker","Problem Solving, Communication, Time Management","Python, SQL, Java","Tableau, Jira, AWS",FinTech,Remote,2026-01-26,CAND0010,"Docker, SQL, Java, Excel, Statistics, Python, Tableau",None,Data Analyst
JOB0011,Software Developer,InnoSoft Technologies,Chennai,8,B.Tech/B.E.,Contract,9.3,12.5,"Java, Python, SQL, Git, REST API, OOP, Jira, Azure","Adaptability, Problem Solving, Analytical Thinking","Java, Python, SQL","Git, TensorFlow, Kubernetes",Banking,Onsite,2026-05-14,CAND0011,"Python, Git, OOP",None,DevOps Engineer
JOB0012,AI Engineer,Quantix Systems,Delhi,4,Bachelor's Degree,Full-time,10.4,12.3,"Python, Machine Learning, Deep Learning, TensorFlow, PyTorch, NLP, Azure, AWS","Time Management, Teamwork, Communication",Python,"Jenkins, Spark, AWS",EdTech,Hybrid,2026-01-05,CAND0012,"Machine Learning, AWS, Deep Learning, NLP, Azure",Azure Fundamentals,AI Engineer
JOB0013,Software Developer,CloudPeak Systems,Delhi,5,B.Tech/B.E.,Internship,8.3,11.3,"Java, Python, SQL, Git, REST API, OOP, Jenkins, Docker","Critical Thinking, Adaptability, Time Management","Java, Python, SQL","Power BI, Tableau, Jira",E-Commerce,Remote,2026-06-20,CAND0013,"Java, Docker, OOP, Git, SQL",None,Software Developer
JOB0014,Business Analyst,Quantix Systems,Noida,1,Any Graduate,Internship,5.3,9.5,"Excel, SQL, Power BI, Tableau, Communication, Requirements Analysis, Docker, Java","Problem Solving, Leadership, Adaptability","SQL, Java","AWS, Excel, Jira",E-Commerce,Hybrid,2026-07-01,CAND0014,"Requirements Analysis, SQL, Java",None,Business Analyst
JOB0015,ML Engineer,InnoSoft Technologies,Hyderabad,8,Master's Degree,Contract,12.1,16.2,"Python, Machine Learning, TensorFlow, PyTorch, Docker, SQL, Jira, Java","Time Management, Leadership, Teamwork","Python, SQL, Java","Power BI, Git, Azure",Consulting,Hybrid,2026-08-29,CAND0015,"Docker, Machine Learning, SQL, Python",AWS Certified,ML Engineer
JOB0016,Data Scientist,AlphaByte Labs,Chennai,5,Master's Degree,Internship,9.7,14.1,"Python, SQL, Machine Learning, Pandas, NumPy, Statistics, Spark, Jenkins","Collaboration, Teamwork, Leadership","Python, SQL","Databricks, React, Azure",EdTech,Onsite,2026-08-11,CAND0016,"Statistics, Python, Spark, Machine Learning, SQL, NumPy, Pandas",IBM Data Science,Data Scientist
JOB0017,Data Engineer,NextGen Digital,Ahmedabad,8,BCA/MCA,Internship,10.8,14.5,"Python, SQL, Spark, AWS, Docker, ETL, Power BI, Jenkins","Adaptability, Analytical Thinking, Leadership","Python, SQL","Jenkins, TensorFlow, Spark",E-Commerce,Onsite,2026-03-05,CAND0017,"ETL, AWS, Python, Spark",Microsoft Power BI,DevOps Engineer
JOB0018,Data Engineer,InnoSoft Technologies,Ahmedabad,4,Master's Degree,Internship,8.8,12.8,"Python, SQL, Spark, AWS, Docker, ETL, Kubernetes, Excel","Problem Solving, Teamwork, Collaboration","Python, SQL","Spark, Git, Jira",Telecom,Hybrid,2026-08-15,CAND0018,"Docker, SQL, AWS, Excel, Spark",None,AI Engineer
JOB0019,Software Developer,InnoSoft Technologies,Bengaluru,6,Bachelor's Degree,Full-time,7.8,9.4,"Java, Python, SQL, Git, REST API, OOP, React, Kubernetes","Adaptability, Leadership, Teamwork","Java, Python, SQL","Excel, Jenkins, Spark",Manufacturing,Onsite,2026-07-24,CAND0019,"Python, Git, React, REST API, Kubernetes, SQL",Azure Fundamentals,Data Engineer
JOB0020,Software Developer,NextGen Digital,Hyderabad,1,BCA/MCA,Internship,6.0,9.1,"Java, Python, SQL, Git, REST API, OOP, Azure, JavaScript","Critical Thinking, Leadership, Problem Solving","Java, Python, SQL, JavaScript","Kubernetes, Tableau, Jenkins",EdTech,Onsite,2026-08-19,CAND0020,"OOP, Azure, Git, REST API, JavaScript, SQL, Python",AWS Certified,ML Engineer
JOB0021,Business Analyst,TechNova Solutions,Hyderabad,1,Master's Degree,Contract,5.2,8.8,"Excel, SQL, Power BI, Tableau, Communication, Requirements Analysis, Jira, TensorFlow","Communication, Adaptability, Leadership",SQL,"Power BI, PyTorch, TensorFlow",Consulting,Hybrid,2026-08-01,CAND0021,"SQL, Tableau, Jira, Power BI",Azure Fundamentals,Cloud Engineer
JOB0022,Cloud Engineer,CodeCraft India,Kolkata,2,Bachelor's Degree,Full-time,7.9,9.5,"AWS, Azure, Docker, Kubernetes, Linux, Python, Jenkins, C++","Adaptability, Problem Solving, Collaboration","Python, C++","Kubernetes, AWS, Power BI",EdTech,Hybrid,2026-07-21,CAND0022,"Jenkins, Python, Azure, Kubernetes, C++",AWS Certified,Cloud Engineer
JOB0023,Software Developer,InnoSoft Technologies,Pune,2,Bachelor's Degree,Full-time,7.0,9.3,"Java, Python, SQL, Git, REST API, OOP, JavaScript, Jenkins","Leadership, Collaboration, Adaptability","Java, Python, SQL, JavaScript","Power BI, React, AWS",Healthcare,Onsite,2026-06-29,CAND0023,"REST API, JavaScript, Java, Git, OOP, SQL",Microsoft Power BI,Software Developer
JOB0024,Data Scientist,InnoSoft Technologies,Pune,3,Any Graduate,Internship,8.6,11.2,"Python, SQL, Machine Learning, Pandas, NumPy, Statistics, C++, Docker","Leadership, Teamwork, Analytical Thinking","Python, SQL, C++","Excel, TensorFlow, Git",Telecom,Onsite,2026-07-23,CAND0024,"SQL, C++, Docker, Machine Learning, Python, NumPy, Pandas",Azure Fundamentals,Web Developer
JOB0025,Data Analyst,CloudPeak Systems,Noida,3,B.Tech/B.E.,Internship,5.8,8.8,"Python, SQL, Excel, Power BI, Tableau, Statistics, Databricks, Git","Collaboration, Time Management, Critical Thinking","Python, SQL","Excel, Spark, Databricks",Manufacturing,Hybrid,2026-08-24,CAND0025,"Python, Databricks, Power BI, Statistics, Git",Microsoft Power BI,Data Engineer
JOB0026,DevOps Engineer,CloudPeak Systems,Gurugram,7,B.Tech/B.E.,Contract,10.7,12.5,"Linux, Docker, Kubernetes, AWS, Git, CI/CD, Excel, Databricks","Time Management, Analytical Thinking, Problem Solving",R,"Jenkins, TensorFlow, Spark",IT Services,Remote,2026-06-16,CAND0026,"AWS, Excel, Databricks, Git, CI/CD, Docker",Google Data Analytics,Data Analyst
JOB0027,Data Scientist,CodeCraft India,Chennai,3,Master's Degree,Internship,9.3,12.9,"Python, SQL, Machine Learning, Pandas, NumPy, Statistics, Kubernetes, Jira","Collaboration, Analytical Thinking, Leadership","Python, SQL","Jenkins, Spark, PyTorch",Banking,Remote,2026-06-06,CAND0027,"Jira, Kubernetes, Python, Statistics, Machine Learning, NumPy",Microsoft Power BI,Data Scientist
JOB0028,Web Developer,InnoSoft Technologies,Chennai,2,B.Tech/B.E.,Contract,5.8,8.2,"HTML, CSS, JavaScript, React, Git, REST API, Jenkins, Spark","Communication, Problem Solving, Critical Thinking",JavaScript,"Power BI, Databricks, Spark",EdTech,Remote,2026-06-01,CAND0028,"JavaScript, CSS, Jenkins, React, Spark, Git, REST API",Google Data Analytics,Web Developer
JOB0029,AI Engineer,DataSphere Analytics,Kolkata,4,Bachelor's Degree,Full-time,10.4,13.2,"Python, Machine Learning, Deep Learning, TensorFlow, PyTorch, NLP, Azure, Power BI","Problem Solving, Time Management, Communication",Python,"Azure, Tableau, Spark",Consulting,Remote,2026-09-09,CAND0029,"Python, Deep Learning, TensorFlow, Power BI",Azure Fundamentals,Data Scientist
JOB0030,DevOps Engineer,CloudPeak Systems,Hyderabad,3,B.Tech/B.E.,Internship,8.4,12.5,"Linux, Docker, Kubernetes, AWS, Git, CI/CD, Jenkins, SQL","Teamwork, Problem Solving, Communication",SQL,"Docker, Kubernetes, Jenkins",Telecom,Hybrid,2026-02-11,CAND0030,"Git, SQL, Jenkins, Linux, CI/CD, AWS",AWS Certified,Software Developer
JOB0031,Data Analyst,Quantix Systems,Hyderabad,5,B.Tech/B.E.,Contract,7.1,10.0,"Python, SQL, Excel, Power BI, Tableau, Statistics, React, Docker","Problem Solving, Teamwork, Communication","Python, SQL","AWS, Excel, TensorFlow",Telecom,Remote,2026-02-28,CAND0031,"Tableau, React, Statistics, Docker",Azure Fundamentals,Software Developer
JOB0032,Web Developer,TechNova Solutions,Pune,3,B.Tech/B.E.,Internship,5.7,8.4,"HTML, CSS, JavaScript, React, Git, REST API, SQL, Azure","Communication, Time Management, Critical Thinking","JavaScript, SQL","Power BI, Excel, Jira",E-Commerce,Hybrid,2026-05-09,CAND0032,"Azure, React, HTML, Git, REST API",Azure Fundamentals,Data Engineer
JOB0033,AI Engineer,CloudPeak Systems,Chennai,10,Master's Degree,Internship,13.0,16.9,"Python, Machine Learning, Deep Learning, TensorFlow, PyTorch, NLP, Git, Kubernetes","Critical Thinking, Time Management, Analytical Thinking",Python,"Docker, Jira, Excel",Retail,Onsite,2026-02-23,CAND0033,"Kubernetes, Deep Learning, TensorFlow",Microsoft Power BI,Business Analyst
JOB0034,Data Scientist,BlueOrbit Technologies,Mumbai,2,B.Tech/B.E.,Contract,9.2,11.9,"Python, SQL, Machine Learning, Pandas, NumPy, Statistics, Git, Spark","Collaboration, Problem Solving, Critical Thinking","Python, SQL","Kubernetes, Jenkins, Databricks",FinTech,Onsite,2026-09-13,CAND0034,"Python, Statistics, NumPy, Pandas, Git, Spark, Machine Learning",IBM Data Science,Cloud Engineer
JOB0035,DevOps Engineer,NextGen Digital,Noida,2,Master's Degree,Contract,7.3,10.0,"Linux, Docker, Kubernetes, AWS, Git, CI/CD, Jenkins, Spark","Leadership, Critical Thinking, Time Management",SQL,"Docker, Azure, React",Retail,Remote,2026-09-18,CAND0035,"Docker, AWS, Linux, Spark",Google Data Analytics,AI Engineer
JOB0036,Data Scientist,BlueOrbit Technologies,Ahmedabad,2,Master's Degree,Contract,8.9,11.2,"Python, SQL, Machine Learning, Pandas, NumPy, Statistics, Spark, Jira","Analytical Thinking, Adaptability, Leadership","Python, SQL","Databricks, PyTorch, Azure",Healthcare,Remote,2026-03-18,CAND0036,"NumPy, Statistics, Machine Learning",Microsoft Power BI,DevOps Engineer
JOB0037,Software Developer,BlueOrbit Technologies,Pune,2,Any Graduate,Contract,6.5,10.7,"Java, Python, SQL, Git, REST API, OOP, Databricks, Tableau","Communication, Problem Solving, Leadership","Java, Python, SQL","Jira, Git, AWS",FinTech,Hybrid,2026-02-21,CAND0037,"Databricks, OOP, Tableau, Python, Git, Java",AWS Certified,ML Engineer
JOB0038,Business Analyst,InnoSoft Technologies,Pune,7,Master's Degree,Full-time,8.7,12.8,"Excel, SQL, Power BI, Tableau, Communication, Requirements Analysis, Python, TensorFlow","Teamwork, Critical Thinking, Collaboration","SQL, Python","Jenkins, TensorFlow, Power BI",IT Services,Hybrid,2026-05-28,CAND0038,"Requirements Analysis, TensorFlow, Python, Tableau, Excel, Power BI",None,Business Analyst
JOB0039,Web Developer,CodeCraft India,Bengaluru,3,B.Tech/B.E.,Contract,5.6,8.3,"HTML, CSS, JavaScript, React, Git, REST API, Jira, C++","Time Management, Critical Thinking, Problem Solving","JavaScript, C++","Git, Power BI, Excel",Manufacturing,Hybrid,2026-09-12,CAND0039,"JavaScript, CSS, HTML, Git",IBM Data Science,Web Developer
JOB0040,Cloud Engineer,CodeCraft India,Chennai,3,Any Graduate,Contract,8.2,11.5,"AWS, Azure, Docker, Kubernetes, Linux, Python, React, Tableau","Time Management, Communication, Adaptability",Python,"Git, Docker, TensorFlow",IT Services,Remote,2026-07-15,CAND0040,"Linux, Kubernetes, Docker, Azure, React, Tableau",IBM Data Science,Cloud Engineer
JOB0041,Data Analyst,BlueOrbit Technologies,Mumbai,8,Any Graduate,Contract,7.9,11.8,"Python, SQL, Excel, Power BI, Tableau, Statistics, C++, JavaScript","Problem Solving, Teamwork, Collaboration","Python, SQL, C++, JavaScript","PyTorch, Jenkins, Docker",E-Commerce,Onsite,2026-06-08,CAND0041,"Statistics, SQL, JavaScript, C++, Excel, Power BI, Python",Google Data Analytics,Data Analyst
JOB0042,Cloud Engineer,Quantix Systems,Chennai,4,Bachelor's Degree,Contract,8.6,10.6,"AWS, Azure, Docker, Kubernetes, Linux, Python, SQL, Excel","Communication, Time Management, Critical Thinking","Python, SQL","Tableau, Kubernetes, PyTorch",EdTech,Remote,2026-07-23,CAND0042,"Linux, Python, Docker, AWS, Kubernetes, Excel",Microsoft Power BI,Cloud Engineer
JOB0043,Business Analyst,TechNova Solutions,Mumbai,3,BCA/MCA,Contract,6.6,10.9,"Excel, SQL, Power BI, Tableau, Communication, Requirements Analysis, PyTorch, React","Teamwork, Collaboration, Critical Thinking",SQL,"Databricks, Spark, AWS",Consulting,Hybrid,2026-03-13,CAND0043,"Tableau, Requirements Analysis, Excel, React, Power BI",AWS Certified,Business Analyst
JOB0044,Cloud Engineer,InnoSoft Technologies,Gurugram,6,Master's Degree,Full-time,9.3,12.0,"AWS, Azure, Docker, Kubernetes, Linux, Python, JavaScript, Jira","Analytical Thinking, Teamwork, Collaboration","Python, JavaScript","PyTorch, Spark, Git",Banking,Onsite,2026-07-09,CAND0044,"Jira, Linux, Kubernetes",Microsoft Power BI,Cloud Engineer
JOB0045,Web Developer,Quantix Systems,Hyderabad,8,Any Graduate,Full-time,8.7,10.5,"HTML, CSS, JavaScript, React, Git, REST API, Docker, Azure","Leadership, Analytical Thinking, Adaptability",JavaScript,"AWS, Excel, React",IT Services,Hybrid,2026-02-05,CAND0045,"HTML, Azure, JavaScript, CSS",Google Data Analytics,Web Developer
JOB0046,ML Engineer,CloudPeak Systems,Delhi,1,Bachelor's Degree,Full-time,8.8,10.4,"Python, Machine Learning, TensorFlow, PyTorch, Docker, SQL, Jenkins, Java","Adaptability, Teamwork, Analytical Thinking","Python, SQL, Java","Tableau, Kubernetes, Jira",Banking,Remote,2026-01-09,CAND0046,"SQL, Jenkins, Machine Learning",Azure Fundamentals,DevOps Engineer
JOB0047,Data Scientist,BlueOrbit Technologies,Pune,2,Bachelor's Degree,Contract,8.7,12.4,"Python, SQL, Machine Learning, Pandas, NumPy, Statistics, Databricks, JavaScript","Problem Solving, Teamwork, Critical Thinking","Python, SQL, JavaScript","TensorFlow, React, Git",Telecom,Remote,2026-09-09,CAND0047,"NumPy, Pandas, Statistics, Python, JavaScript, SQL, Machine Learning",IBM Data Science,Data Scientist
JOB0048,Business Analyst,BlueOrbit Technologies,Noida,3,Master's Degree,Internship,6.6,8.4,"Excel, SQL, Power BI, Tableau, Communication, Requirements Analysis, Python, Jenkins","Teamwork, Analytical Thinking, Leadership","SQL, Python","PyTorch, Git, TensorFlow",Banking,Onsite,2026-06-23,CAND0048,"Tableau, Jenkins, Python",IBM Data Science,Software Developer
JOB0049,AI Engineer,Vertex AI,Mumbai,7,BCA/MCA,Internship,11.2,13.0,"Python, Machine Learning, Deep Learning, TensorFlow, PyTorch, NLP, AWS, C++","Time Management, Analytical Thinking, Communication","Python, C++","React, Spark, Azure",E-Commerce,Remote,2026-07-01,CAND0049,"Deep Learning, PyTorch, Python, AWS, C++",Microsoft Power BI,Data Scientist
JOB0050,Software Developer,NextGen Digital,Chennai,7,BCA/MCA,Full-time,8.6,12.4,"Java, Python, SQL, Git, REST API, OOP, Azure, Excel","Problem Solving, Collaboration, Time Management","Java, Python, SQL","Git, Docker, Tableau",E-Commerce,Remote,2026-05-20,CAND0050,"Git, Azure, Excel, REST API, Java, SQL, Python",IBM Data Science,Software Developer
JOB0051,Data Analyst,CloudPeak Systems,Bengaluru,4,Any Graduate,Full-time,6.2,9.1,"Python, SQL, Excel, Power BI, Tableau, Statistics, TensorFlow, Databricks","Teamwork, Time Management, Leadership","Python, SQL","Git, Docker, Kubernetes",Telecom,Hybrid,2026-01-27,CAND0051,"Statistics, Excel, Databricks, TensorFlow",Microsoft Power BI,Data Analyst
JOB0052,Web Developer,InnoSoft Technologies,Delhi,1,B.Tech/B.E.,Full-time,5.0,7.3,"HTML, CSS, JavaScript, React, Git, REST API, Docker, R","Time Management, Collaboration, Problem Solving","JavaScript, R","Tableau, Power BI, Kubernetes",Consulting,Onsite,2026-01-04,CAND0052,"R, Git, REST API, JavaScript, HTML, React, CSS",Google Data Analytics,Web Developer
JOB0053,Data Engineer,Vertex AI,Delhi,4,Bachelor's Degree,Contract,9.1,11.7,"Python, SQL, Spark, AWS, Docker, ETL, Git, Jenkins","Communication, Analytical Thinking, Teamwork","Python, SQL","Excel, React, Kubernetes",Banking,Onsite,2026-07-27,CAND0053,"Python, AWS, Jenkins, Git, ETL, SQL",Microsoft Power BI,DevOps Engineer
JOB0054,Data Scientist,InnoSoft Technologies,Chennai,4,BCA/MCA,Internship,9.4,12.1,"Python, SQL, Machine Learning, Pandas, NumPy, Statistics, Kubernetes, Jira","Problem Solving, Leadership, Communication","Python, SQL","AWS, TensorFlow, Azure",E-Commerce,Remote,2026-09-19,CAND0054,"Statistics, SQL, Machine Learning, Kubernetes, Python",Google Data Analytics,Data Scientist
JOB0055,Data Scientist,NextGen Digital,Kolkata,3,Bachelor's Degree,Contract,9.0,12.2,"Python, SQL, Machine Learning, Pandas, NumPy, Statistics, PyTorch, Java","Collaboration, Teamwork, Problem Solving","Python, SQL, Java","Kubernetes, Databricks, Power BI",IT Services,Hybrid,2026-06-05,CAND0055,"Statistics, PyTorch, Java, Machine Learning, SQL, Pandas, Python",AWS Certified,AI Engineer
JOB0056,Data Scientist,Quantix Systems,Bengaluru,3,Bachelor's Degree,Contract,9.1,13.5,"Python, SQL, Machine Learning, Pandas, NumPy, Statistics, AWS, JavaScript","Teamwork, Analytical Thinking, Critical Thinking","Python, SQL, JavaScript","Tableau, Spark, Git",E-Commerce,Onsite,2026-09-01,CAND0056,"JavaScript, AWS, NumPy",Google Data Analytics,Software Developer
JOB0057,AI Engineer,DataSphere Analytics,Ahmedabad,4,Master's Degree,Contract,9.9,12.5,"Python, Machine Learning, Deep Learning, TensorFlow, PyTorch, NLP, Java, R","Time Management, Problem Solving, Critical Thinking","Python, Java, R","Tableau, React, Git",E-Commerce,Hybrid,2026-06-18,CAND0057,"Java, TensorFlow, Deep Learning, PyTorch, Python",AWS Certified,AI Engineer
JOB0058,Data Engineer,AlphaByte Labs,Delhi,5,B.Tech/B.E.,Full-time,8.8,12.0,"Python, SQL, Spark, AWS, Docker, ETL, PyTorch, Excel","Analytical Thinking, Critical Thinking, Teamwork","Python, SQL","Azure, AWS, Jira",FinTech,Hybrid,2026-01-10,CAND0058,"Spark, ETL, PyTorch, Docker, Python",None,Data Engineer
JOB0059,Cloud Engineer,AlphaByte Labs,Hyderabad,2,Master's Degree,Internship,8.4,10.3,"AWS, Azure, Docker, Kubernetes, Linux, Python, Tableau, Databricks","Time Management, Critical Thinking, Teamwork",Python,"Spark, Azure, TensorFlow",Manufacturing,Onsite,2026-07-30,CAND0059,"Docker, Azure, Tableau, Linux, Python, Databricks",AWS Certified,Cloud Engineer
JOB0060,DevOps Engineer,Quantix Systems,Pune,6,Any Graduate,Full-time,10.2,13.2,"Linux, Docker, Kubernetes, AWS, Git, CI/CD, JavaScript, C++","Time Management, Teamwork, Adaptability","JavaScript, C++","AWS, TensorFlow, Kubernetes",Retail,Onsite,2026-07-10,CAND0060,"Kubernetes, JavaScript, Docker, Git, CI/CD, AWS",Microsoft Power BI,Data Analyst
JOB0061,Data Scientist,AlphaByte Labs,Bengaluru,7,B.Tech/B.E.,Full-time,11.4,14.1,"Python, SQL, Machine Learning, Pandas, NumPy, Statistics, Kubernetes, Databricks","Time Management, Critical Thinking, Analytical Thinking","Python, SQL","Jira, AWS, Excel",Manufacturing,Hybrid,2026-02-20,CAND0061,"Statistics, SQL, Pandas, Python, Machine Learning, NumPy",Azure Fundamentals,Data Analyst
JOB0062,Data Analyst,DataSphere Analytics,Pune,2,Master's Degree,Internship,6.0,9.1,"Python, SQL, Excel, Power BI, Tableau, Statistics, TensorFlow, AWS","Collaboration, Communication, Analytical Thinking","Python, SQL","Spark, React, Azure",E-Commerce,Hybrid,2026-08-23,CAND0062,"TensorFlow, Python, Excel, SQL, Statistics, AWS, Power BI",Microsoft Power BI,Software Developer
JOB0063,Data Analyst,NextGen Digital,Mumbai,4,BCA/MCA,Full-time,6.0,9.5,"Python, SQL, Excel, Power BI, Tableau, Statistics, Databricks, PyTorch","Analytical Thinking, Leadership, Collaboration","Python, SQL","Git, Databricks, Tableau",Telecom,Remote,2026-07-11,CAND0063,"Statistics, Python, Tableau, PyTorch, Databricks, SQL, Excel",AWS Certified,Data Analyst
JOB0064,ML Engineer,InnoSoft Technologies,Mumbai,4,B.Tech/B.E.,Full-time,10.3,12.3,"Python, Machine Learning, TensorFlow, PyTorch, Docker, SQL, Tableau, Spark","Analytical Thinking, Time Management, Critical Thinking","Python, SQL","Docker, Jira, Spark",Manufacturing,Hybrid,2026-05-31,CAND0064,"Spark, SQL, Machine Learning, Tableau, Python, TensorFlow",None,ML Engineer
JOB0065,Software Developer,CloudPeak Systems,Gurugram,7,Master's Degree,Contract,8.1,11.6,"Java, Python, SQL, Git, REST API, OOP, React, Excel","Collaboration, Time Management, Adaptability","Java, Python, SQL","Tableau, Jenkins, Docker",FinTech,Hybrid,2026-06-23,CAND0065,"Python, React, SQL, Git, REST API",Azure Fundamentals,AI Engineer
JOB0066,ML Engineer,NextGen Digital,Mumbai,1,Bachelor's Degree,Internship,8.3,10.7,"Python, Machine Learning, TensorFlow, PyTorch, Docker, SQL, Excel, Spark","Adaptability, Analytical Thinking, Time Management","Python, SQL","Excel, Jenkins, Git",E-Commerce,Onsite,2026-08-11,CAND0066,"Excel, Machine Learning, SQL, PyTorch, TensorFlow, Spark",Google Data Analytics,Data Analyst
JOB0067,DevOps Engineer,BlueOrbit Technologies,Pune,1,Any Graduate,Full-time,7.2,10.6,"Linux, Docker, Kubernetes, AWS, Git, CI/CD, JavaScript, Tableau","Collaboration, Analytical Thinking, Leadership",JavaScript,"PyTorch, Git, TensorFlow",Healthcare,Onsite,2026-07-10,CAND0067,"JavaScript, Git, Linux, Tableau, Docker",None,AI Engineer
JOB0068,ML Engineer,DataSphere Analytics,Gurugram,3,B.Tech/B.E.,Internship,9.5,11.8,"Python, Machine Learning, TensorFlow, PyTorch, Docker, SQL, C++, Jenkins","Critical Thinking, Teamwork, Adaptability","Python, SQL, C++","Git, Jira, PyTorch",Banking,Remote,2026-03-11,CAND0068,"Jenkins, Machine Learning, Docker, TensorFlow, PyTorch",None,ML Engineer
JOB0069,Cloud Engineer,BlueOrbit Technologies,Mumbai,2,BCA/MCA,Internship,7.5,11.1,"AWS, Azure, Docker, Kubernetes, Linux, Python, Jira, R","Analytical Thinking, Critical Thinking, Adaptability","Python, R","Spark, AWS, React",FinTech,Onsite,2026-05-02,CAND0069,"Python, Linux, Azure, AWS",AWS Certified,Cloud Engineer
JOB0070,Data Engineer,Quantix Systems,Kolkata,3,B.Tech/B.E.,Full-time,8.3,11.5,"Python, SQL, Spark, AWS, Docker, ETL, C++, Jenkins","Adaptability, Communication, Collaboration","Python, SQL, C++","Tableau, Spark, AWS",EdTech,Onsite,2026-03-07,CAND0070,"ETL, Jenkins, Python, AWS",Google Data Analytics,AI Engineer
JOB0071,Business Analyst,NextGen Digital,Kolkata,8,Any Graduate,Full-time,8.7,11.1,"Excel, SQL, Power BI, Tableau, Communication, Requirements Analysis, React, Databricks","Collaboration, Problem Solving, Time Management",SQL,"React, AWS, Jira",Telecom,Remote,2026-03-06,CAND0071,"Communication, SQL, Requirements Analysis",Azure Fundamentals,Cloud Engineer
JOB0072,Business Analyst,BlueOrbit Technologies,Hyderabad,1,Master's Degree,Contract,6.2,10.0,"Excel, SQL, Power BI, Tableau, Communication, Requirements Analysis, Azure, AWS","Critical Thinking, Teamwork, Analytical Thinking",SQL,"Power BI, AWS, Kubernetes",Consulting,Hybrid,2026-06-04,CAND0072,"Tableau, Azure, Communication, AWS, Excel",Microsoft Power BI,AI Engineer
JOB0073,Software Developer,DataSphere Analytics,Delhi,2,Master's Degree,Full-time,6.8,10.5,"Java, Python, SQL, Git, REST API, OOP, Jenkins, TensorFlow","Problem Solving, Teamwork, Communication","Java, Python, SQL","TensorFlow, Docker, React",Consulting,Onsite,2026-08-27,CAND0073,"Jenkins, Python, SQL, REST API, Java",Google Data Analytics,Software Developer
JOB0074,Business Analyst,CodeCraft India,Chennai,6,Bachelor's Degree,Full-time,7.8,10.8,"Excel, SQL, Power BI, Tableau, Communication, Requirements Analysis, Jira, Spark","Time Management, Critical Thinking, Collaboration",SQL,"Databricks, Jira, Git",Manufacturing,Hybrid,2026-04-21,CAND0074,"Communication, Tableau, Excel, Requirements Analysis, Jira, Power BI",Azure Fundamentals,Business Analyst
JOB0075,Data Analyst,Vertex AI,Ahmedabad,1,Master's Degree,Internship,4.7,7.3,"Python, SQL, Excel, Power BI, Tableau, Statistics, PyTorch, Spark","Time Management, Teamwork, Critical Thinking","Python, SQL","Tableau, Docker, PyTorch",Banking,Remote,2026-02-07,CAND0075,"Statistics, Python, Power BI, PyTorch, SQL, Spark",AWS Certified,Cloud Engineer
JOB0076,ML Engineer,CloudPeak Systems,Chennai,4,Any Graduate,Contract,9.9,11.5,"Python, Machine Learning, TensorFlow, PyTorch, Docker, SQL, React, Excel","Problem Solving, Adaptability, Time Management","Python, SQL","Jenkins, Jira, TensorFlow",Telecom,Hybrid,2026-09-21,CAND0076,"SQL, React, PyTorch, Docker",Azure Fundamentals,ML Engineer
JOB0077,Cloud Engineer,CodeCraft India,Kolkata,4,B.Tech/B.E.,Internship,8.9,10.4,"AWS, Azure, Docker, Kubernetes, Linux, Python, C++, SQL","Communication, Critical Thinking, Teamwork","Python, C++, SQL","Spark, Git, Jenkins",Telecom,Hybrid,2026-05-16,CAND0077,"Azure, Kubernetes, Linux, Docker, AWS",Google Data Analytics,DevOps Engineer
JOB0078,Software Developer,InnoSoft Technologies,Ahmedabad,1,BCA/MCA,Internship,6.0,8.8,"Java, Python, SQL, Git, REST API, OOP, Tableau, Azure","Critical Thinking, Adaptability, Problem Solving","Java, Python, SQL","AWS, Kubernetes, Spark",Banking,Remote,2026-09-23,CAND0078,"Git, Azure, REST API, OOP, Tableau, SQL",AWS Certified,Software Developer
JOB0079,Web Developer,NextGen Digital,Pune,10,Any Graduate,Internship,8.8,11.2,"HTML, CSS, JavaScript, React, Git, REST API, Java, Docker","Collaboration, Adaptability, Leadership","JavaScript, Java","Jira, PyTorch, Excel",E-Commerce,Hybrid,2026-05-21,CAND0079,"Git, REST API, CSS, React, JavaScript",None,AI Engineer
JOB0080,Web Developer,DataSphere Analytics,Kolkata,8,Any Graduate,Full-time,8.4,12.1,"HTML, CSS, JavaScript, React, Git, REST API, AWS, Jira","Leadership, Communication, Analytical Thinking",JavaScript,"Databricks, Spark, Azure",Healthcare,Onsite,2026-03-12,CAND0080,"React, AWS, Git, JavaScript",None,Cloud Engineer
JOB0081,Data Engineer,TechNova Solutions,Pune,3,Any Graduate,Full-time,8.7,10.6,"Python, SQL, Spark, AWS, Docker, ETL, Jira, Databricks","Collaboration, Communication, Teamwork","Python, SQL","Docker, Jira, AWS",IT Services,Hybrid,2026-05-27,CAND0081,"Spark, AWS, ETL, Jira, Docker, Databricks, Python",Microsoft Power BI,Web Developer
JOB0082,ML Engineer,InnoSoft Technologies,Pune,0,BCA/MCA,Full-time,7.8,11.1,"Python, Machine Learning, TensorFlow, PyTorch, Docker, SQL, Excel, R","Critical Thinking, Time Management, Analytical Thinking","Python, SQL, R","AWS, Power BI, Jenkins",Banking,Hybrid,2026-05-20,CAND0082,"Docker, PyTorch, SQL, R, Excel",Azure Fundamentals,ML Engineer
JOB0083,Software Developer,NextGen Digital,Noida,6,B.Tech/B.E.,Contract,8.3,10.1,"Java, Python, SQL, Git, REST API, OOP, PyTorch, Jira","Time Management, Analytical Thinking, Problem Solving","Java, Python, SQL","React, Jenkins, Databricks",IT Services,Hybrid,2026-01-04,CAND0083,"SQL, Python, Git",IBM Data Science,Software Developer
JOB0084,Business Analyst,CloudPeak Systems,Gurugram,5,Any Graduate,Contract,7.3,9.3,"Excel, SQL, Power BI, Tableau, Communication, Requirements Analysis, React, Azure","Adaptability, Critical Thinking, Collaboration",SQL,"Spark, Excel, Git",Healthcare,Onsite,2026-09-02,CAND0084,"Communication, Requirements Analysis, Excel, Power BI, Azure, Tableau, React",IBM Data Science,Business Analyst
JOB0085,DevOps Engineer,CloudPeak Systems,Chennai,4,Any Graduate,Contract,8.7,13.0,"Linux, Docker, Kubernetes, AWS, Git, CI/CD, Azure, JavaScript","Teamwork, Leadership, Analytical Thinking",JavaScript,"React, Kubernetes, Tableau",Retail,Hybrid,2026-03-18,CAND0085,"Linux, Azure, Git",None,DevOps Engineer
JOB0086,AI Engineer,Vertex AI,Chennai,3,Bachelor's Degree,Internship,10.0,13.2,"Python, Machine Learning, Deep Learning, TensorFlow, PyTorch, NLP, Docker, R","Communication, Teamwork, Leadership","Python, R","Power BI, TensorFlow, Docker",E-Commerce,Onsite,2026-01-24,CAND0086,"Python, TensorFlow, Deep Learning, R, Machine Learning",IBM Data Science,AI Engineer
JOB0087,Data Engineer,Quantix Systems,Noida,3,Any Graduate,Full-time,9.0,13.2,"Python, SQL, Spark, AWS, Docker, ETL, Databricks, R","Leadership, Communication, Adaptability","Python, SQL, R","Power BI, TensorFlow, Kubernetes",Retail,Hybrid,2026-04-02,CAND0087,"SQL, ETL, Databricks, Docker, R, Spark",Azure Fundamentals,Data Engineer
JOB0088,Data Engineer,InnoSoft Technologies,Pune,3,Bachelor's Degree,Internship,8.0,10.1,"Python, SQL, Spark, AWS, Docker, ETL, Git, TensorFlow","Communication, Critical Thinking, Time Management","Python, SQL","Git, Jenkins, Power BI",Healthcare,Remote,2026-05-04,CAND0088,"Python, Git, ETL",None,Data Engineer
JOB0089,Data Engineer,NextGen Digital,Bengaluru,4,Any Graduate,Full-time,9.3,13.1,"Python, SQL, Spark, AWS, Docker, ETL, R, TensorFlow","Adaptability, Time Management, Problem Solving","Python, SQL, R","Power BI, Spark, React",E-Commerce,Remote,2026-05-02,CAND0089,"Docker, SQL, ETL, TensorFlow",IBM Data Science,Business Analyst
JOB0090,Data Engineer,InnoSoft Technologies,Delhi,10,B.Tech/B.E.,Contract,12.2,15.7,"Python, SQL, Spark, AWS, Docker, ETL, C++, Power BI","Communication, Adaptability, Leadership","Python, SQL, C++","Spark, Databricks, AWS",Consulting,Onsite,2026-05-04,CAND0090,"ETL, Power BI, AWS, C++, SQL, Docker, Spark",AWS Certified,ML Engineer
JOB0091,Software Developer,InnoSoft Technologies,Kolkata,8,Any Graduate,Full-time,9.7,11.5,"Java, Python, SQL, Git, REST API, OOP, Jenkins, AWS","Critical Thinking, Leadership, Adaptability","Java, Python, SQL","Databricks, PyTorch, TensorFlow",IT Services,Onsite,2026-02-07,CAND0091,"Java, SQL, Git, REST API",Google Data Analytics,Software Developer
JOB0092,Data Scientist,NextGen Digital,Chennai,5,Any Graduate,Contract,10.1,12.8,"Python, SQL, Machine Learning, Pandas, NumPy, Statistics, Java, Kubernetes","Critical Thinking, Teamwork, Adaptability","Python, SQL, Java","Jenkins, Kubernetes, Excel",Banking,Onsite,2026-06-07,CAND0092,"Statistics, Java, Machine Learning, Pandas",AWS Certified,AI Engineer
JOB0093,Business Analyst,BlueOrbit Technologies,Ahmedabad,4,BCA/MCA,Contract,6.5,8.4,"Excel, SQL, Power BI, Tableau, Communication, Requirements Analysis, Java, Azure","Critical Thinking, Collaboration, Leadership","SQL, Java","AWS, Jenkins, Excel",Banking,Onsite,2026-05-06,CAND0093,"Java, Power BI, SQL, Requirements Analysis, Azure",Google Data Analytics,Software Developer
JOB0094,Cloud Engineer,CloudPeak Systems,Hyderabad,8,Bachelor's Degree,Internship,10.8,14.2,"AWS, Azure, Docker, Kubernetes, Linux, Python, C++, TensorFlow","Problem Solving, Communication, Teamwork","Python, C++","Spark, Kubernetes, PyTorch",IT Services,Remote,2026-07-31,CAND0094,"AWS, C++, TensorFlow",IBM Data Science,Cloud Engineer
JOB0095,DevOps Engineer,DataSphere Analytics,Pune,0,Any Graduate,Full-time,7.1,9.8,"Linux, Docker, Kubernetes, AWS, Git, CI/CD, R, C++","Leadership, Collaboration, Time Management","R, C++","Spark, TensorFlow, PyTorch",EdTech,Hybrid,2026-04-02,CAND0095,"Git, C++, Kubernetes",None,Data Analyst
JOB0096,Business Analyst,TechNova Solutions,Mumbai,4,B.Tech/B.E.,Full-time,7.6,9.8,"Excel, SQL, Power BI, Tableau, Communication, Requirements Analysis, Python, JavaScript","Critical Thinking, Adaptability, Analytical Thinking","SQL, Python, JavaScript","Excel, PyTorch, React",FinTech,Remote,2026-09-01,CAND0096,"Excel, JavaScript, Tableau",None,Data Engineer
JOB0097,Software Developer,DataSphere Analytics,Delhi,2,B.Tech/B.E.,Internship,7.1,10.7,"Java, Python, SQL, Git, REST API, OOP, Docker, R","Leadership, Adaptability, Analytical Thinking","Java, Python, SQL, R","Databricks, Spark, PyTorch",Consulting,Remote,2026-07-23,CAND0097,"Java, Python, SQL, R, Docker",Google Data Analytics,Software Developer
JOB0098,Data Scientist,AlphaByte Labs,Ahmedabad,0,Master's Degree,Contract,7.5,11.5,"Python, SQL, Machine Learning, Pandas, NumPy, Statistics, JavaScript, Jenkins","Problem Solving, Adaptability, Communication","Python, SQL, JavaScript","Excel, React, TensorFlow",Healthcare,Remote,2026-04-27,CAND0098,"JavaScript, Jenkins, Machine Learning, Python, Statistics",None,AI Engineer
JOB0099,Data Scientist,DataSphere Analytics,Bengaluru,3,Bachelor's Degree,Full-time,9.3,11.3,"Python, SQL, Machine Learning, Pandas, NumPy, Statistics, Spark, TensorFlow","Adaptability, Critical Thinking, Time Management","Python, SQL","Spark, Databricks, Docker",FinTech,Onsite,2026-05-19,CAND0099,"Statistics, Machine Learning, Python, TensorFlow, NumPy, SQL",None,AI Engineer
JOB0100,Business Analyst,CloudPeak Systems,Delhi,7,BCA/MCA,Contract,7.6,10.3,"Excel, SQL, Power BI, Tableau, Communication, Requirements Analysis, TensorFlow, Jira","Critical Thinking, Problem Solving, Communication",SQL,"AWS, Docker, TensorFlow",Consulting,Hybrid,2026-03-28,CAND0100,"Tableau, Communication, TensorFlow",Microsoft Power BI,ML Engineer
JOB0101,Data Scientist,BlueOrbit Technologies,Chennai,8,Master's Degree,Internship,11.5,14.5,"Python, SQL, Machine Learning, Pandas, NumPy, Statistics, Jenkins, Spark","Problem Solving, Time Management, Collaboration","Python, SQL","React, Jenkins, Azure",Manufacturing,Hybrid,2026-06-18,CAND0101,"Pandas, Spark, Python, SQL, Machine Learning, Statistics, NumPy",Google Data Analytics,Business Analyst
JOB0102,Data Engineer,CodeCraft India,Ahmedabad,5,B.Tech/B.E.,Internship,9.5,13.9,"Python, SQL, Spark, AWS, Docker, ETL, Jira, PyTorch","Collaboration, Communication, Analytical Thinking","Python, SQL","Kubernetes, Jenkins, Azure",Manufacturing,Hybrid,2026-04-13,CAND0102,"ETL, AWS, Spark, Jira",IBM Data Science,Data Engineer
JOB0103,Data Scientist,Quantix Systems,Ahmedabad,1,Master's Degree,Internship,7.8,10.1,"Python, SQL, Machine Learning, Pandas, NumPy, Statistics, Jira, Java","Communication, Analytical Thinking, Critical Thinking","Python, SQL, Java","Databricks, Excel, Spark",Telecom,Remote,2026-07-25,CAND0103,"Jira, Java, Pandas, Python",None,AI Engineer
JOB0104,Data Scientist,Quantix Systems,Ahmedabad,1,Any Graduate,Internship,8.2,11.4,"Python, SQL, Machine Learning, Pandas, NumPy, Statistics, Kubernetes, Jenkins","Leadership, Critical Thinking, Problem Solving","Python, SQL","Docker, Kubernetes, Excel",Telecom,Remote,2026-09-19,CAND0104,"Statistics, Kubernetes, Pandas, Python, NumPy, Jenkins",Azure Fundamentals,Data Scientist
JOB0105,ML Engineer,AlphaByte Labs,Gurugram,3,B.Tech/B.E.,Internship,9.2,13.5,"Python, Machine Learning, TensorFlow, PyTorch, Docker, SQL, Databricks, Power BI","Critical Thinking, Analytical Thinking, Leadership","Python, SQL","Tableau, Kubernetes, Jenkins",Manufacturing,Hybrid,2026-06-09,CAND0105,"Machine Learning, Databricks, SQL",None,ML Engineer
JOB0106,Web Developer,BlueOrbit Technologies,Hyderabad,0,Master's Degree,Internship,4.4,6.2,"HTML, CSS, JavaScript, React, Git, REST API, Tableau, Azure","Problem Solving, Collaboration, Analytical Thinking",JavaScript,"Git, Docker, Jira",IT Services,Remote,2026-08-07,CAND0106,"React, Git, CSS, Tableau",Azure Fundamentals,ML Engineer
JOB0107,Software Developer,InnoSoft Technologies,Gurugram,3,Bachelor's Degree,Contract,7.2,9.3,"Java, Python, SQL, Git, REST API, OOP, JavaScript, Databricks","Critical Thinking, Analytical Thinking, Time Management","Java, Python, SQL, JavaScript","Docker, React, Databricks",Telecom,Onsite,2026-06-16,CAND0107,"Python, JavaScript, REST API",AWS Certified,ML Engineer
JOB0108,Business Analyst,CloudPeak Systems,Ahmedabad,6,Master's Degree,Contract,8.1,10.5,"Excel, SQL, Power BI, Tableau, Communication, Requirements Analysis, JavaScript, Kubernetes","Problem Solving, Adaptability, Leadership","SQL, JavaScript","AWS, Kubernetes, Git",Retail,Remote,2026-07-11,CAND0108,"SQL, Requirements Analysis, Kubernetes, Power BI, Excel, Tableau, JavaScript",IBM Data Science,Business Analyst
JOB0109,ML Engineer,BlueOrbit Technologies,Noida,2,Master's Degree,Contract,8.6,12.6,"Python, Machine Learning, TensorFlow, PyTorch, Docker, SQL, Spark, Git","Problem Solving, Teamwork, Time Management","Python, SQL","Power BI, Excel, Jira",Healthcare,Hybrid,2026-07-29,CAND0109,"Python, Spark, TensorFlow, Git, PyTorch, Docker, SQL",None,Data Engineer
JOB0110,Web Developer,Vertex AI,Pune,1,B.Tech/B.E.,Contract,5.0,8.7,"HTML, CSS, JavaScript, React, Git, REST API, Kubernetes, Jenkins","Communication, Critical Thinking, Problem Solving",JavaScript,"PyTorch, Jira, Tableau",Manufacturing,Onsite,2026-04-22,CAND0110,"CSS, Git, HTML, JavaScript, Kubernetes, React",Google Data Analytics,Data Analyst
JOB0111,Software Developer,NextGen Digital,Delhi,1,Any Graduate,Contract,5.5,7.6,"Java, Python, SQL, Git, REST API, OOP, Excel, Databricks","Collaboration, Teamwork, Critical Thinking","Java, Python, SQL","Excel, Databricks, Docker",IT Services,Hybrid,2026-06-15,CAND0111,"Java, REST API, SQL, Excel",IBM Data Science,Software Developer
JOB0112,ML Engineer,Vertex AI,Ahmedabad,1,BCA/MCA,Internship,8.3,10.5,"Python, Machine Learning, TensorFlow, PyTorch, Docker, SQL, Kubernetes, Azure","Analytical Thinking, Critical Thinking, Leadership","Python, SQL","PyTorch, React, Power BI",FinTech,Remote,2026-02-17,CAND0112,"Azure, Machine Learning, Docker, TensorFlow, PyTorch, Kubernetes",Microsoft Power BI,ML Engineer
JOB0113,Business Analyst,TechNova Solutions,Mumbai,2,Bachelor's Degree,Internship,5.9,8.0,"Excel, SQL, Power BI, Tableau, Communication, Requirements Analysis, TensorFlow, Python","Critical Thinking, Communication, Collaboration","SQL, Python","Databricks, Jira, AWS",Manufacturing,Hybrid,2026-06-25,CAND0113,"Requirements Analysis, TensorFlow, Power BI, Python, SQL",None,DevOps Engineer
JOB0114,Data Engineer,Vertex AI,Delhi,8,B.Tech/B.E.,Contract,11.2,13.6,"Python, SQL, Spark, AWS, Docker, ETL, React, Databricks","Teamwork, Collaboration, Communication","Python, SQL","Azure, Kubernetes, Tableau",E-Commerce,Remote,2026-01-27,CAND0114,"SQL, ETL, Spark, React, Python",Google Data Analytics,Data Engineer
JOB0115,Cloud Engineer,AlphaByte Labs,Delhi,0,B.Tech/B.E.,Contract,6.9,8.8,"AWS, Azure, Docker, Kubernetes, Linux, Python, R, Power BI","Problem Solving, Collaboration, Communication","Python, R","Spark, React, Power BI",Telecom,Remote,2026-06-10,CAND0115,"Docker, Kubernetes, AWS, Azure, R, Python",Google Data Analytics,Cloud Engineer
JOB0116,AI Engineer,AlphaByte Labs,Bengaluru,4,B.Tech/B.E.,Contract,9.9,12.6,"Python, Machine Learning, Deep Learning, TensorFlow, PyTorch, NLP, Jira, Spark","Teamwork, Leadership, Time Management",Python,"React, Databricks, Jenkins",Telecom,Hybrid,2026-08-08,CAND0116,"TensorFlow, Python, Jira, Machine Learning, NLP, Deep Learning",IBM Data Science,Data Engineer
JOB0117,Data Analyst,CodeCraft India,Pune,4,Any Graduate,Full-time,6.4,10.1,"Python, SQL, Excel, Power BI, Tableau, Statistics, Jenkins, PyTorch","Analytical Thinking, Collaboration, Teamwork","Python, SQL","Docker, Jira, React",Consulting,Hybrid,2026-09-13,CAND0117,"Python, Jenkins, SQL, Power BI, Tableau",Azure Fundamentals,Data Analyst
JOB0118,ML Engineer,Vertex AI,Pune,0,Any Graduate,Internship,8.2,9.7,"Python, Machine Learning, TensorFlow, PyTorch, Docker, SQL, C++, Java","Problem Solving, Time Management, Communication","Python, SQL, C++, Java","TensorFlow, Tableau, Spark",Healthcare,Onsite,2026-08-05,CAND0118,"Python, Java, PyTorch, Docker",Azure Fundamentals,Web Developer
JOB0119,Business Analyst,NextGen Digital,Bengaluru,2,Bachelor's Degree,Full-time,5.9,10.3,"Excel, SQL, Power BI, Tableau, Communication, Requirements Analysis, Python, TensorFlow","Problem Solving, Communication, Teamwork","SQL, Python","Kubernetes, PyTorch, Spark",Retail,Remote,2026-01-29,CAND0119,"Excel, SQL, TensorFlow, Tableau",AWS Certified,Data Scientist
JOB0120,ML Engineer,CodeCraft India,Pune,6,Master's Degree,Contract,11.3,15.0,"Python, Machine Learning, TensorFlow, PyTorch, Docker, SQL, Databricks, AWS","Collaboration, Analytical Thinking, Communication","Python, SQL","Kubernetes, Jira, React",E-Commerce,Hybrid,2026-05-15,CAND0120,"Python, TensorFlow, PyTorch",Google Data Analytics,ML Engineer
JOB0121,Web Developer,CloudPeak Systems,Mumbai,2,Any Graduate,Internship,5.5,7.1,"HTML, CSS, JavaScript, React, Git, REST API, Azure, C++","Adaptability, Leadership, Problem Solving","JavaScript, C++","Azure, Docker, Jenkins",Banking,Hybrid,2026-03-18,CAND0121,"React, HTML, C++",None,Business Analyst
JOB0122,DevOps Engineer,AlphaByte Labs,Hyderabad,4,BCA/MCA,Internship,9.5,11.5,"Linux, Docker, Kubernetes, AWS, Git, CI/CD, Python, TensorFlow","Time Management, Leadership, Critical Thinking",Python,"PyTorch, React, Kubernetes",Healthcare,Remote,2026-01-05,CAND0122,"Linux, AWS, TensorFlow, Python, Kubernetes, Docker, Git",Azure Fundamentals,Data Scientist
JOB0123,Software Developer,InnoSoft Technologies,Ahmedabad,8,B.Tech/B.E.,Contract,8.5,11.6,"Java, Python, SQL, Git, REST API, OOP, TensorFlow, Power BI","Critical Thinking, Communication, Teamwork","Java, Python, SQL","Jenkins, TensorFlow, Tableau",IT Services,Onsite,2026-02-23,CAND0123,"OOP, Java, Power BI",Azure Fundamentals,Data Engineer
JOB0124,Data Engineer,InnoSoft Technologies,Delhi,10,BCA/MCA,Contract,11.0,12.8,"Python, SQL, Spark, AWS, Docker, ETL, Databricks, Git","Adaptability, Analytical Thinking, Problem Solving","Python, SQL","Kubernetes, TensorFlow, Azure",FinTech,Onsite,2026-03-08,CAND0124,"Databricks, Python, Docker, ETL",Google Data Analytics,Data Analyst
JOB0125,DevOps Engineer,NextGen Digital,Pune,1,Bachelor's Degree,Full-time,7.5,9.9,"Linux, Docker, Kubernetes, AWS, Git, CI/CD, TensorFlow, PyTorch","Time Management, Communication, Teamwork",Java,"AWS, Tableau, Jenkins",Healthcare,Hybrid,2026-08-26,CAND0125,"CI/CD, TensorFlow, Docker",Microsoft Power BI,AI Engineer
JOB0126,Cloud Engineer,DataSphere Analytics,Mumbai,2,Bachelor's Degree,Full-time,8.4,10.4,"AWS, Azure, Docker, Kubernetes, Linux, Python, Tableau, Databricks","Problem Solving, Leadership, Adaptability",Python,"Docker, PyTorch, Git",FinTech,Remote,2026-03-13,CAND0126,"Databricks, Linux, Python, Tableau, Azure, AWS",Azure Fundamentals,Cloud Engineer
JOB0127,Web Developer,CloudPeak Systems,Kolkata,10,Master's Degree,Internship,8.7,12.1,"HTML, CSS, JavaScript, React, Git, REST API, AWS, Power BI","Adaptability, Critical Thinking, Communication",JavaScript,"Docker, Git, Databricks",E-Commerce,Hybrid,2026-01-26,CAND0127,"CSS, AWS, JavaScript, HTML",Google Data Analytics,Data Analyst
JOB0128,ML Engineer,Vertex AI,Bengaluru,3,Master's Degree,Full-time,9.0,12.3,"Python, Machine Learning, TensorFlow, PyTorch, Docker, SQL, Jenkins, Kubernetes","Collaboration, Leadership, Analytical Thinking","Python, SQL","Excel, Spark, Databricks",IT Services,Hybrid,2026-05-24,CAND0128,"PyTorch, SQL, TensorFlow, Kubernetes, Docker, Jenkins, Machine Learning",IBM Data Science,ML Engineer
JOB0129,Business Analyst,BlueOrbit Technologies,Ahmedabad,2,BCA/MCA,Internship,6.1,8.6,"Excel, SQL, Power BI, Tableau, Communication, Requirements Analysis, R, C++","Leadership, Problem Solving, Communication","SQL, R, C++","Azure, Git, Databricks",EdTech,Remote,2026-01-30,CAND0129,"Power BI, Excel, C++, Communication, SQL",IBM Data Science,Data Analyst
JOB0130,Data Analyst,CodeCraft India,Kolkata,7,B.Tech/B.E.,Internship,8.2,10.8,"Python, SQL, Excel, Power BI, Tableau, Statistics, React, Jenkins","Leadership, Critical Thinking, Time Management","Python, SQL","TensorFlow, AWS, Kubernetes",IT Services,Onsite,2026-06-30,CAND0130,"Excel, SQL, Tableau, Jenkins",None,Data Analyst
JOB0131,Software Developer,CloudPeak Systems,Kolkata,4,B.Tech/B.E.,Full-time,6.7,11.0,"Java, Python, SQL, Git, REST API, OOP, Kubernetes, Power BI","Collaboration, Analytical Thinking, Communication","Java, Python, SQL","PyTorch, Jenkins, Git",Consulting,Remote,2026-01-12,CAND0131,"SQL, Power BI, OOP, Python",None,Software Developer
JOB0132,Business Analyst,NextGen Digital,Delhi,1,B.Tech/B.E.,Full-time,5.1,9.4,"Excel, SQL, Power BI, Tableau, Communication, Requirements Analysis, Jenkins, Jira","Communication, Adaptability, Critical Thinking",SQL,"Excel, React, Power BI",E-Commerce,Remote,2026-07-13,CAND0132,"Requirements Analysis, SQL, Jira, Communication, Power BI, Excel",AWS Certified,Business Analyst
JOB0133,DevOps Engineer,NextGen Digital,Hyderabad,8,B.Tech/B.E.,Internship,10.2,13.9,"Linux, Docker, Kubernetes, AWS, Git, CI/CD, Jenkins, TensorFlow","Teamwork, Analytical Thinking, Problem Solving",Python,"Jenkins, Power BI, Jira",Consulting,Hybrid,2026-01-06,CAND0133,"CI/CD, Kubernetes, Docker, Linux",IBM Data Science,Business Analyst
JOB0134,Data Engineer,NextGen Digital,Mumbai,3,BCA/MCA,Contract,9.0,11.6,"Python, SQL, Spark, AWS, Docker, ETL, Kubernetes, R","Teamwork, Collaboration, Problem Solving","Python, SQL, R","AWS, Docker, Databricks",FinTech,Remote,2026-01-18,CAND0134,"SQL, Kubernetes, AWS, Docker, R, Python",None,Data Engineer
JOB0135,Business Analyst,NextGen Digital,Hyderabad,3,Bachelor's Degree,Full-time,6.7,10.0,"Excel, SQL, Power BI, Tableau, Communication, Requirements Analysis, R, AWS","Adaptability, Critical Thinking, Teamwork","SQL, R","Power BI, PyTorch, Databricks",Consulting,Onsite,2026-05-25,CAND0135,"Power BI, Excel, R, AWS, SQL, Requirements Analysis",AWS Certified,Data Engineer
JOB0136,DevOps Engineer,BlueOrbit Technologies,Delhi,1,Bachelor's Degree,Internship,7.1,10.5,"Linux, Docker, Kubernetes, AWS, Git, CI/CD, R, React","Collaboration, Adaptability, Teamwork",R,"PyTorch, Docker, Databricks",E-Commerce,Hybrid,2026-08-30,CAND0136,"React, R, Linux",None,Web Developer
JOB0137,Web Developer,Quantix Systems,Mumbai,2,Master's Degree,Internship,6.0,9.2,"HTML, CSS, JavaScript, React, Git, REST API, SQL, C++","Adaptability, Critical Thinking, Time Management","JavaScript, SQL, C++","Databricks, Azure, Kubernetes",EdTech,Onsite,2026-04-27,CAND0137,"CSS, HTML, REST API, JavaScript",Microsoft Power BI,Cloud Engineer
JOB0138,Data Analyst,Vertex AI,Hyderabad,8,B.Tech/B.E.,Internship,8.1,12.4,"Python, SQL, Excel, Power BI, Tableau, Statistics, Docker, Azure","Time Management, Analytical Thinking, Critical Thinking","Python, SQL","Databricks, Excel, Tableau",FinTech,Hybrid,2026-02-10,CAND0138,"Power BI, Docker, SQL, Statistics",Azure Fundamentals,Data Analyst
JOB0139,Data Engineer,Quantix Systems,Chennai,2,Master's Degree,Contract,7.9,12.0,"Python, SQL, Spark, AWS, Docker, ETL, Jira, JavaScript","Adaptability, Critical Thinking, Time Management","Python, SQL, JavaScript","React, Kubernetes, Power BI",E-Commerce,Hybrid,2026-05-27,CAND0139,"Jira, Python, AWS, SQL, Docker, Spark, JavaScript",Microsoft Power BI,Data Engineer
JOB0140,ML Engineer,NextGen Digital,Delhi,3,Master's Degree,Internship,10.0,13.6,"Python, Machine Learning, TensorFlow, PyTorch, Docker, SQL, Java, Power BI","Teamwork, Leadership, Collaboration","Python, SQL, Java","TensorFlow, Jenkins, Kubernetes",Banking,Hybrid,2026-06-05,CAND0140,"Power BI, TensorFlow, Java",IBM Data Science,Data Analyst
JOB0141,Data Engineer,Quantix Systems,Kolkata,3,Bachelor's Degree,Full-time,9.0,11.7,"Python, SQL, Spark, AWS, Docker, ETL, Azure, TensorFlow","Leadership, Collaboration, Adaptability","Python, SQL","Power BI, Azure, Databricks",Manufacturing,Onsite,2026-03-11,CAND0141,"ETL, Azure, Python, Docker, SQL, TensorFlow",AWS Certified,Web Developer
JOB0142,Software Developer,BlueOrbit Technologies,Kolkata,6,Any Graduate,Contract,8.3,11.7,"Java, Python, SQL, Git, REST API, OOP, Spark, Excel","Analytical Thinking, Problem Solving, Adaptability","Java, Python, SQL","Databricks, TensorFlow, Jenkins",FinTech,Hybrid,2026-04-01,CAND0142,"Java, Python, SQL",None,AI Engineer
JOB0143,Data Engineer,BlueOrbit Technologies,Bengaluru,7,B.Tech/B.E.,Internship,10.6,12.7,"Python, SQL, Spark, AWS, Docker, ETL, Tableau, Azure","Communication, Leadership, Problem Solving","Python, SQL","React, Excel, TensorFlow",EdTech,Hybrid,2026-01-05,CAND0143,"AWS, ETL, SQL, Spark",Microsoft Power BI,Data Engineer
JOB0144,Business Analyst,DataSphere Analytics,Chennai,2,BCA/MCA,Internship,5.7,8.8,"Excel, SQL, Power BI, Tableau, Communication, Requirements Analysis, JavaScript, Git","Analytical Thinking, Time Management, Problem Solving","SQL, JavaScript","Git, Jenkins, Databricks",EdTech,Onsite,2026-09-04,CAND0144,"JavaScript, Communication, Excel, Requirements Analysis, Power BI, Tableau, SQL",Google Data Analytics,Business Analyst
JOB0145,Cloud Engineer,Vertex AI,Mumbai,0,Any Graduate,Internship,7.6,11.5,"AWS, Azure, Docker, Kubernetes, Linux, Python, Jenkins, R","Leadership, Analytical Thinking, Critical Thinking","Python, R","Jenkins, Azure, Git",Retail,Remote,2026-07-27,CAND0145,"Python, R, Azure, AWS, Kubernetes, Jenkins",Microsoft Power BI,Web Developer
JOB0146,Business Analyst,DataSphere Analytics,Hyderabad,7,BCA/MCA,Full-time,8.7,12.8,"Excel, SQL, Power BI, Tableau, Communication, Requirements Analysis, C++, Jenkins","Time Management, Adaptability, Critical Thinking","SQL, C++","Databricks, PyTorch, Jira",EdTech,Remote,2026-06-21,CAND0146,"Communication, Excel, Tableau, SQL",AWS Certified,Business Analyst
JOB0147,AI Engineer,TechNova Solutions,Bengaluru,0,B.Tech/B.E.,Full-time,8.8,12.0,"Python, Machine Learning, Deep Learning, TensorFlow, PyTorch, NLP, Azure, JavaScript","Analytical Thinking, Adaptability, Time Management","Python, JavaScript","Databricks, Kubernetes, AWS",Banking,Remote,2026-07-31,CAND0147,"Machine Learning, TensorFlow, JavaScript, PyTorch, Python, Deep Learning, NLP",Google Data Analytics,Cloud Engineer
JOB0148,Data Scientist,DataSphere Analytics,Bengaluru,5,Any Graduate,Contract,9.4,12.8,"Python, SQL, Machine Learning, Pandas, NumPy, Statistics, Java, Git","Adaptability, Collaboration, Leadership","Python, SQL, Java","Kubernetes, Docker, Power BI",IT Services,Remote,2026-09-08,CAND0148,"Git, Machine Learning, SQL",Google Data Analytics,Data Scientist
JOB0149,Business Analyst,DataSphere Analytics,Noida,6,Any Graduate,Internship,7.8,9.4,"Excel, SQL, Power BI, Tableau, Communication, Requirements Analysis, AWS, Jira","Time Management, Problem Solving, Communication",SQL,"Jira, Power BI, TensorFlow",EdTech,Hybrid,2026-03-08,CAND0149,"Tableau, SQL, Requirements Analysis",IBM Data Science,Business Analyst
JOB0150,Cloud Engineer,InnoSoft Technologies,Mumbai,7,Any Graduate,Internship,10.9,13.4,"AWS, Azure, Docker, Kubernetes, Linux, Python, Databricks, Git","Problem Solving, Teamwork, Collaboration",Python,"Jenkins, Git, Excel",IT Services,Hybrid,2026-03-09,CAND0150,"Python, Databricks, Azure, Git, Kubernetes, AWS",IBM Data Science,Cloud Engineer
JOB0151,Web Developer,DataSphere Analytics,Ahmedabad,4,BCA/MCA,Contract,5.8,7.6,"HTML, CSS, JavaScript, React, Git, REST API, C++, Tableau","Problem Solving, Leadership, Analytical Thinking","JavaScript, C++","Git, Databricks, Power BI",EdTech,Hybrid,2026-07-14,CAND0151,"HTML, REST API, Tableau",IBM Data Science,Data Engineer
JOB0152,Data Scientist,CodeCraft India,Hyderabad,4,BCA/MCA,Internship,9.7,12.5,"Python, SQL, Machine Learning, Pandas, NumPy, Statistics, JavaScript, Spark","Leadership, Analytical Thinking, Critical Thinking","Python, SQL, JavaScript","Docker, TensorFlow, AWS",IT Services,Remote,2026-04-12,CAND0152,"SQL, Machine Learning, Python",Microsoft Power BI,Data Scientist
JOB0153,Software Developer,NextGen Digital,Hyderabad,2,Master's Degree,Contract,5.8,7.6,"Java, Python, SQL, Git, REST API, OOP, R, Jenkins","Time Management, Critical Thinking, Communication","Java, Python, SQL, R","Tableau, Jira, AWS",IT Services,Hybrid,2026-02-21,CAND0153,"Jenkins, Python, Java",AWS Certified,Software Developer
JOB0154,Business Analyst,AlphaByte Labs,Chennai,1,B.Tech/B.E.,Full-time,5.9,7.5,"Excel, SQL, Power BI, Tableau, Communication, Requirements Analysis, Java, PyTorch","Adaptability, Collaboration, Leadership","SQL, Java","TensorFlow, Jira, Docker",Manufacturing,Hybrid,2026-02-17,CAND0154,"Power BI, PyTorch, Java, Tableau",IBM Data Science,DevOps Engineer
JOB0155,ML Engineer,CodeCraft India,Noida,5,BCA/MCA,Internship,9.7,14.0,"Python, Machine Learning, TensorFlow, PyTorch, Docker, SQL, Azure, AWS","Communication, Problem Solving, Leadership","Python, SQL","Databricks, Kubernetes, Tableau",Consulting,Hybrid,2026-04-03,CAND0155,"Machine Learning, PyTorch, Docker, Azure",None,DevOps Engineer
JOB0156,Data Scientist,CloudPeak Systems,Ahmedabad,0,Any Graduate,Full-time,8.1,11.2,"Python, SQL, Machine Learning, Pandas, NumPy, Statistics, Spark, Git","Communication, Problem Solving, Time Management","Python, SQL","Jira, Kubernetes, Databricks",E-Commerce,Onsite,2026-07-17,CAND0156,"Pandas, Statistics, Machine Learning, NumPy, Python, SQL, Git",Microsoft Power BI,AI Engineer
JOB0157,Business Analyst,BlueOrbit Technologies,Gurugram,10,BCA/MCA,Full-time,9.0,11.2,"Excel, SQL, Power BI, Tableau, Communication, Requirements Analysis, React, Jira","Critical Thinking, Communication, Collaboration",SQL,"Docker, Databricks, Power BI",Retail,Remote,2026-02-15,CAND0157,"React, Jira, SQL, Excel, Tableau, Requirements Analysis",None,DevOps Engineer
JOB0158,Data Scientist,BlueOrbit Technologies,Pune,4,Bachelor's Degree,Internship,9.6,12.5,"Python, SQL, Machine Learning, Pandas, NumPy, Statistics, React, JavaScript","Leadership, Communication, Problem Solving","Python, SQL, JavaScript","PyTorch, Jira, Git",EdTech,Remote,2026-07-06,CAND0158,"Statistics, React, Python, SQL, Pandas",Azure Fundamentals,Business Analyst
JOB0159,Business Analyst,InnoSoft Technologies,Chennai,7,Bachelor's Degree,Contract,8.2,12.2,"Excel, SQL, Power BI, Tableau, Communication, Requirements Analysis, PyTorch, Azure","Communication, Teamwork, Adaptability",SQL,"Databricks, Kubernetes, Jira",Telecom,Remote,2026-08-23,CAND0159,"SQL, Power BI, Communication, Azure, Requirements Analysis, Excel",Google Data Analytics,Business Analyst
JOB0160,AI Engineer,Quantix Systems,Noida,5,Master's Degree,Internship,10.9,13.7,"Python, Machine Learning, Deep Learning, TensorFlow, PyTorch, NLP, Power BI, R","Leadership, Time Management, Collaboration","Python, R","PyTorch, TensorFlow, Kubernetes",E-Commerce,Onsite,2026-06-14,CAND0160,"R, PyTorch, Machine Learning, Power BI, NLP, Deep Learning, Python",Microsoft Power BI,Data Scientist
JOB0161,DevOps Engineer,Quantix Systems,Chennai,7,Bachelor's Degree,Contract,10.3,12.7,"Linux, Docker, Kubernetes, AWS, Git, CI/CD, C++, Jira","Collaboration, Critical Thinking, Time Management",C++,"React, Git, Jenkins",Consulting,Remote,2026-09-15,CAND0161,"AWS, Docker, C++, Git, Kubernetes, Jira, CI/CD",IBM Data Science,DevOps Engineer
JOB0162,Cloud Engineer,CloudPeak Systems,Delhi,7,BCA/MCA,Full-time,10.7,13.8,"AWS, Azure, Docker, Kubernetes, Linux, Python, Jira, R","Communication, Time Management, Teamwork","Python, R","Excel, Spark, Power BI",Banking,Hybrid,2026-05-17,CAND0162,"Jira, Azure, AWS",None,Cloud Engineer
JOB0163,DevOps Engineer,NextGen Digital,Hyderabad,2,Any Graduate,Contract,8.4,12.3,"Linux, Docker, Kubernetes, AWS, Git, CI/CD, Jenkins, SQL","Leadership, Analytical Thinking, Adaptability",SQL,"React, Spark, Jenkins",Telecom,Onsite,2026-01-07,CAND0163,"Linux, AWS, Jenkins, CI/CD, Kubernetes",IBM Data Science,DevOps Engineer
JOB0164,Software Developer,CloudPeak Systems,Kolkata,1,BCA/MCA,Full-time,6.3,8.4,"Java, Python, SQL, Git, REST API, OOP, React, JavaScript","Analytical Thinking, Critical Thinking, Collaboration","Java, Python, SQL, JavaScript","Databricks, AWS, Power BI",E-Commerce,Hybrid,2026-03-08,CAND0164,"Python, Git, Java, React",Azure Fundamentals,Web Developer
JOB0165,Data Analyst,AlphaByte Labs,Hyderabad,6,B.Tech/B.E.,Internship,7.4,9.1,"Python, SQL, Excel, Power BI, Tableau, Statistics, Jenkins, React","Analytical Thinking, Collaboration, Problem Solving","Python, SQL","TensorFlow, Azure, Excel",Telecom,Remote,2026-02-17,CAND0165,"Power BI, SQL, Tableau, Python, Jenkins",Microsoft Power BI,Data Engineer
JOB0166,Cloud Engineer,Quantix Systems,Chennai,5,Any Graduate,Internship,9.3,13.5,"AWS, Azure, Docker, Kubernetes, Linux, Python, Power BI, Tableau","Critical Thinking, Collaboration, Communication",Python,"TensorFlow, Git, Azure",Banking,Remote,2026-01-13,CAND0166,"Kubernetes, AWS, Python, Docker, Tableau, Power BI, Azure",None,Web Developer
JOB0167,Data Scientist,CloudPeak Systems,Mumbai,4,Master's Degree,Internship,9.6,11.7,"Python, SQL, Machine Learning, Pandas, NumPy, Statistics, PyTorch, R","Analytical Thinking, Communication, Critical Thinking","Python, SQL, R","Tableau, Power BI, AWS",EdTech,Remote,2026-02-06,CAND0167,"PyTorch, R, Python, SQL",None,Cloud Engineer
JOB0168,DevOps Engineer,DataSphere Analytics,Chennai,3,Any Graduate,Full-time,8.4,11.1,"Linux, Docker, Kubernetes, AWS, Git, CI/CD, Jenkins, Excel","Time Management, Collaboration, Critical Thinking",Python,"TensorFlow, Excel, Kubernetes",Consulting,Hybrid,2026-01-24,CAND0168,"Linux, AWS, CI/CD, Excel, Git",IBM Data Science,DevOps Engineer
JOB0169,Data Analyst,CodeCraft India,Kolkata,4,Master's Degree,Internship,5.9,8.6,"Python, SQL, Excel, Power BI, Tableau, Statistics, C++, TensorFlow","Collaboration, Teamwork, Problem Solving","Python, SQL, C++","Azure, Jenkins, Jira",Banking,Onsite,2026-01-03,CAND0169,"Tableau, Statistics, SQL, Excel, TensorFlow, Python, Power BI",Microsoft Power BI,Data Analyst
JOB0170,Cloud Engineer,NextGen Digital,Pune,1,BCA/MCA,Full-time,7.7,10.0,"AWS, Azure, Docker, Kubernetes, Linux, Python, Spark, TensorFlow","Leadership, Critical Thinking, Problem Solving",Python,"PyTorch, AWS, Git",Healthcare,Onsite,2026-02-07,CAND0170,"Docker, Python, Linux",AWS Certified,Data Analyst
JOB0171,DevOps Engineer,AlphaByte Labs,Hyderabad,2,B.Tech/B.E.,Internship,7.9,11.2,"Linux, Docker, Kubernetes, AWS, Git, CI/CD, Azure, React","Adaptability, Time Management, Collaboration",Java,"AWS, Git, Jenkins",Banking,Hybrid,2026-01-03,CAND0171,"Kubernetes, Git, Azure, React, CI/CD",Microsoft Power BI,DevOps Engineer
JOB0172,AI Engineer,DataSphere Analytics,Pune,3,Bachelor's Degree,Internship,9.4,12.8,"Python, Machine Learning, Deep Learning, TensorFlow, PyTorch, NLP, Jira, Jenkins","Communication, Adaptability, Critical Thinking",Python,"React, Azure, Power BI",Retail,Hybrid,2026-05-15,CAND0172,"PyTorch, Jira, Machine Learning",Azure Fundamentals,AI Engineer
JOB0173,Cloud Engineer,CodeCraft India,Bengaluru,6,Any Graduate,Full-time,9.6,11.8,"AWS, Azure, Docker, Kubernetes, Linux, Python, C++, Databricks","Critical Thinking, Problem Solving, Teamwork","Python, C++","React, Databricks, Git",E-Commerce,Remote,2026-05-03,CAND0173,"Linux, Azure, Kubernetes, Databricks, AWS, C++, Docker",IBM Data Science,Cloud Engineer
JOB0174,AI Engineer,TechNova Solutions,Mumbai,2,BCA/MCA,Full-time,9.5,11.2,"Python, Machine Learning, Deep Learning, TensorFlow, PyTorch, NLP, Jira, Tableau","Collaboration, Time Management, Adaptability",Python,"Jenkins, TensorFlow, React",Retail,Remote,2026-08-21,CAND0174,"TensorFlow, Python, NLP, Machine Learning, Deep Learning",Google Data Analytics,Data Engineer
JOB0175,Data Engineer,CodeCraft India,Mumbai,4,Any Graduate,Full-time,9.5,11.2,"Python, SQL, Spark, AWS, Docker, ETL, Java, Kubernetes","Critical Thinking, Problem Solving, Teamwork","Python, SQL, Java","Tableau, Spark, Git",EdTech,Onsite,2026-09-04,CAND0175,"Java, SQL, Docker, AWS, Spark",Google Data Analytics,Business Analyst
JOB0176,ML Engineer,TechNova Solutions,Hyderabad,4,Bachelor's Degree,Full-time,10.3,13.8,"Python, Machine Learning, TensorFlow, PyTorch, Docker, SQL, Spark, C++","Problem Solving, Collaboration, Analytical Thinking","Python, SQL, C++","Spark, Power BI, React",E-Commerce,Onsite,2026-07-30,CAND0176,"SQL, C++, Python, PyTorch, Docker, Machine Learning",Google Data Analytics,ML Engineer
JOB0177,Web Developer,CloudPeak Systems,Hyderabad,10,Master's Degree,Internship,9.2,12.4,"HTML, CSS, JavaScript, React, Git, REST API, PyTorch, R","Problem Solving, Collaboration, Time Management","JavaScript, R","Git, Spark, TensorFlow",E-Commerce,Remote,2026-09-04,CAND0177,"Git, HTML, CSS",IBM Data Science,AI Engineer
JOB0178,Business Analyst,CodeCraft India,Kolkata,2,Bachelor's Degree,Internship,5.8,7.6,"Excel, SQL, Power BI, Tableau, Communication, Requirements Analysis, JavaScript, TensorFlow","Collaboration, Teamwork, Communication","SQL, JavaScript","Kubernetes, Git, AWS",Telecom,Remote,2026-09-01,CAND0178,"JavaScript, TensorFlow, SQL, Communication",None,Business Analyst
JOB0179,Data Engineer,InnoSoft Technologies,Pune,7,BCA/MCA,Internship,10.5,13.3,"Python, SQL, Spark, AWS, Docker, ETL, JavaScript, Kubernetes","Collaboration, Adaptability, Problem Solving","Python, SQL, JavaScript","Azure, Power BI, Jenkins",IT Services,Remote,2026-09-02,CAND0179,"JavaScript, Spark, Docker, ETL, Python, SQL",Azure Fundamentals,ML Engineer
JOB0180,Data Scientist,CodeCraft India,Delhi,3,Master's Degree,Full-time,8.5,12.4,"Python, SQL, Machine Learning, Pandas, NumPy, Statistics, JavaScript, Power BI","Adaptability, Critical Thinking, Teamwork","Python, SQL, JavaScript","PyTorch, Spark, Jira",Manufacturing,Hybrid,2026-07-07,CAND0180,"Statistics, Python, SQL, Pandas, Machine Learning, Power BI",AWS Certified,Cloud Engineer
JOB0181,DevOps Engineer,Vertex AI,Chennai,5,Any Graduate,Internship,9.8,13.3,"Linux, Docker, Kubernetes, AWS, Git, CI/CD, Python, SQL","Communication, Problem Solving, Leadership","Python, SQL","Git, Power BI, Excel",FinTech,Onsite,2026-09-18,CAND0181,"SQL, Python, CI/CD, Docker",Microsoft Power BI,DevOps Engineer
JOB0182,DevOps Engineer,CloudPeak Systems,Gurugram,0,Master's Degree,Full-time,6.7,8.4,"Linux, Docker, Kubernetes, AWS, Git, CI/CD, Java, Azure","Leadership, Time Management, Teamwork",Java,"Power BI, Excel, React",Retail,Remote,2026-01-30,CAND0182,"Java, AWS, Git",IBM Data Science,Cloud Engineer
JOB0183,Software Developer,CodeCraft India,Hyderabad,3,Any Graduate,Full-time,7.2,11.6,"Java, Python, SQL, Git, REST API, OOP, PyTorch, Tableau","Teamwork, Collaboration, Time Management","Java, Python, SQL","TensorFlow, Jenkins, Spark",Telecom,Hybrid,2026-07-27,CAND0183,"REST API, PyTorch, Git",AWS Certified,Business Analyst
JOB0184,Web Developer,DataSphere Analytics,Ahmedabad,3,BCA/MCA,Internship,5.8,7.3,"HTML, CSS, JavaScript, React, Git, REST API, Kubernetes, Docker","Time Management, Critical Thinking, Leadership",JavaScript,"React, Kubernetes, Excel",Healthcare,Hybrid,2026-06-24,CAND0184,"Kubernetes, Git, HTML, Docker",Microsoft Power BI,Data Scientist
JOB0185,AI Engineer,InnoSoft Technologies,Delhi,1,Bachelor's Degree,Contract,8.4,11.8,"Python, Machine Learning, Deep Learning, TensorFlow, PyTorch, NLP, Power BI, JavaScript","Analytical Thinking, Teamwork, Time Management","Python, JavaScript","Databricks, AWS, Kubernetes",Banking,Hybrid,2026-05-15,CAND0185,"TensorFlow, Power BI, Deep Learning, JavaScript",Google Data Analytics,AI Engineer
JOB0186,DevOps Engineer,CodeCraft India,Chennai,8,B.Tech/B.E.,Full-time,11.0,15.2,"Linux, Docker, Kubernetes, AWS, Git, CI/CD, Excel, Spark","Teamwork, Collaboration, Analytical Thinking",C++,"Kubernetes, React, Power BI",Retail,Onsite,2026-05-08,CAND0186,"AWS, Docker, CI/CD, Excel, Kubernetes, Linux",Microsoft Power BI,DevOps Engineer
JOB0187,Business Analyst,Quantix Systems,Noida,7,Master's Degree,Internship,8.8,12.0,"Excel, SQL, Power BI, Tableau, Communication, Requirements Analysis, Jira, R","Communication, Analytical Thinking, Leadership","SQL, R","Jira, Git, Excel",E-Commerce,Hybrid,2026-01-28,CAND0187,"R, SQL, Communication, Power BI, Tableau",None,Business Analyst
JOB0188,Cloud Engineer,CodeCraft India,Chennai,5,BCA/MCA,Full-time,8.7,10.8,"AWS, Azure, Docker, Kubernetes, Linux, Python, R, React","Critical Thinking, Adaptability, Teamwork","Python, R","Docker, Jenkins, Excel",Banking,Hybrid,2026-08-30,CAND0188,"Azure, Docker, R, Linux, Python, AWS, React",Microsoft Power BI,Software Developer
JOB0189,Web Developer,InnoSoft Technologies,Bengaluru,4,B.Tech/B.E.,Contract,7.1,10.7,"HTML, CSS, JavaScript, React, Git, REST API, SQL, PyTorch","Communication, Problem Solving, Leadership","JavaScript, SQL","Kubernetes, AWS, Git",Retail,Remote,2026-07-15,CAND0189,"Git, SQL, CSS",IBM Data Science,Cloud Engineer
JOB0190,Business Analyst,BlueOrbit Technologies,Chennai,2,BCA/MCA,Contract,6.5,8.1,"Excel, SQL, Power BI, Tableau, Communication, Requirements Analysis, R, Jenkins","Analytical Thinking, Time Management, Problem Solving","SQL, R","Power BI, Docker, Tableau",Banking,Remote,2026-02-19,CAND0190,"Power BI, Excel, SQL",Azure Fundamentals,Web Developer
JOB0191,Software Developer,Vertex AI,Kolkata,3,Any Graduate,Contract,7.2,10.2,"Java, Python, SQL, Git, REST API, OOP, PyTorch, React","Teamwork, Collaboration, Critical Thinking","Java, Python, SQL","PyTorch, Azure, Databricks",Banking,Remote,2026-06-22,CAND0191,"Python, Git, REST API, SQL, PyTorch, OOP",AWS Certified,Software Developer
JOB0192,Web Developer,CloudPeak Systems,Noida,7,Bachelor's Degree,Full-time,8.1,12.4,"HTML, CSS, JavaScript, React, Git, REST API, Databricks, Spark","Teamwork, Critical Thinking, Time Management",JavaScript,"Power BI, Databricks, Excel",Consulting,Remote,2026-04-18,CAND0192,"Spark, React, CSS, REST API, HTML, Databricks, JavaScript",None,Web Developer
JOB0193,Data Scientist,TechNova Solutions,Mumbai,1,BCA/MCA,Contract,8.7,11.4,"Python, SQL, Machine Learning, Pandas, NumPy, Statistics, Spark, TensorFlow","Critical Thinking, Collaboration, Adaptability","Python, SQL","Spark, TensorFlow, Databricks",Manufacturing,Onsite,2026-03-29,CAND0193,"Pandas, Statistics, Machine Learning, TensorFlow",IBM Data Science,Data Scientist
JOB0194,Cloud Engineer,BlueOrbit Technologies,Delhi,4,BCA/MCA,Contract,9.1,12.5,"AWS, Azure, Docker, Kubernetes, Linux, Python, React, Jira","Time Management, Problem Solving, Critical Thinking",Python,"Power BI, Databricks, Spark",E-Commerce,Hybrid,2026-02-15,CAND0194,"React, Linux, Python, Jira, Docker, Azure, Kubernetes",AWS Certified,Cloud Engineer
JOB0195,AI Engineer,Vertex AI,Ahmedabad,5,Master's Degree,Contract,10.8,14.6,"Python, Machine Learning, Deep Learning, TensorFlow, PyTorch, NLP, C++, Power BI","Leadership, Problem Solving, Analytical Thinking","Python, C++","Jenkins, Git, Docker",Consulting,Onsite,2026-04-07,CAND0195,"Python, C++, TensorFlow, Deep Learning, Machine Learning",AWS Certified,Data Analyst
JOB0196,Data Scientist,CloudPeak Systems,Bengaluru,4,BCA/MCA,Full-time,9.8,13.1,"Python, SQL, Machine Learning, Pandas, NumPy, Statistics, Jira, Kubernetes","Critical Thinking, Collaboration, Problem Solving","Python, SQL","Jenkins, React, Kubernetes",Healthcare,Hybrid,2026-02-05,CAND0196,"NumPy, Statistics, Jira, Kubernetes, Machine Learning",None,Data Scientist
JOB0197,ML Engineer,BlueOrbit Technologies,Hyderabad,0,BCA/MCA,Contract,8.8,11.1,"Python, Machine Learning, TensorFlow, PyTorch, Docker, SQL, Tableau, Jenkins","Time Management, Critical Thinking, Problem Solving","Python, SQL","Kubernetes, Jenkins, Excel",IT Services,Hybrid,2026-01-08,CAND0197,"Jenkins, SQL, Python, Machine Learning",None,ML Engineer
JOB0198,ML Engineer,BlueOrbit Technologies,Hyderabad,6,Bachelor's Degree,Full-time,10.2,13.1,"Python, Machine Learning, TensorFlow, PyTorch, Docker, SQL, Tableau, Kubernetes","Critical Thinking, Teamwork, Time Management","Python, SQL","Git, Azure, Kubernetes",Consulting,Remote,2026-07-17,CAND0198,"Docker, Tableau, PyTorch, Python",AWS Certified,ML Engineer
JOB0199,Business Analyst,TechNova Solutions,Bengaluru,6,BCA/MCA,Internship,7.9,9.8,"Excel, SQL, Power BI, Tableau, Communication, Requirements Analysis, Kubernetes, Azure","Teamwork, Adaptability, Critical Thinking",SQL,"Azure, Power BI, Jira",Telecom,Remote,2026-06-16,CAND0199,"Communication, SQL, Power BI, Excel, Kubernetes, Azure",Microsoft Power BI,Software Developer
JOB0200,DevOps Engineer,BlueOrbit Technologies,Hyderabad,6,BCA/MCA,Internship,9.4,12.4,"Linux, Docker, Kubernetes, AWS, Git, CI/CD, PyTorch, Python","Analytical Thinking, Critical Thinking, Collaboration",Python,"Azure, Power BI, Jenkins",Consulting,Hybrid,2026-03-06,CAND0200,"CI/CD, PyTorch, Python, Linux, Git, Docker, AWS",IBM Data Science,DevOps Engineer
JOB0201,ML Engineer,Quantix Systems,Bengaluru,0,Master's Degree,Contract,8.4,11.6,"Python, Machine Learning, TensorFlow, PyTorch, Docker, SQL, Jenkins, R","Time Management, Analytical Thinking, Leadership","Python, SQL, R","Power BI, Excel, Git",Retail,Hybrid,2026-02-05,CAND0201,"R, Machine Learning, Docker, Jenkins, TensorFlow, SQL, PyTorch",IBM Data Science,ML Engineer
JOB0202,ML Engineer,AlphaByte Labs,Noida,7,BCA/MCA,Full-time,11.6,13.8,"Python, Machine Learning, TensorFlow, PyTorch, Docker, SQL, Power BI, Excel","Teamwork, Collaboration, Communication","Python, SQL","Jira, AWS, Databricks",IT Services,Onsite,2026-05-25,CAND0202,"Power BI, Machine Learning, Docker",None,ML Engineer
JOB0203,AI Engineer,BlueOrbit Technologies,Mumbai,0,BCA/MCA,Internship,8.8,11.5,"Python, Machine Learning, Deep Learning, TensorFlow, PyTorch, NLP, Spark, Azure","Adaptability, Analytical Thinking, Collaboration",Python,"Jenkins, Power BI, React",EdTech,Remote,2026-02-10,CAND0203,"PyTorch, Python, Deep Learning, Machine Learning, Spark, TensorFlow",None,Software Developer
JOB0204,Data Scientist,DataSphere Analytics,Kolkata,8,BCA/MCA,Internship,11.8,13.6,"Python, SQL, Machine Learning, Pandas, NumPy, Statistics, React, AWS","Critical Thinking, Adaptability, Communication","Python, SQL","AWS, Excel, Databricks",Retail,Hybrid,2026-08-01,CAND0204,"React, SQL, AWS, NumPy",Azure Fundamentals,Data Scientist
JOB0205,Business Analyst,Vertex AI,Ahmedabad,8,BCA/MCA,Contract,9.3,12.5,"Excel, SQL, Power BI, Tableau, Communication, Requirements Analysis, Kubernetes, JavaScript","Critical Thinking, Collaboration, Leadership","SQL, JavaScript","Power BI, Jenkins, Databricks",EdTech,Remote,2026-04-20,CAND0205,"Requirements Analysis, Tableau, JavaScript, Kubernetes, Power BI",None,Business Analyst
JOB0206,Cloud Engineer,AlphaByte Labs,Bengaluru,2,B.Tech/B.E.,Contract,7.7,9.9,"AWS, Azure, Docker, Kubernetes, Linux, Python, Spark, R","Analytical Thinking, Leadership, Teamwork","Python, R","TensorFlow, Excel, Databricks",FinTech,Remote,2026-08-24,CAND0206,"AWS, Spark, Python, Docker, Azure",Microsoft Power BI,Cloud Engineer
JOB0207,DevOps Engineer,AlphaByte Labs,Noida,5,Master's Degree,Full-time,9.8,11.8,"Linux, Docker, Kubernetes, AWS, Git, CI/CD, React, Azure","Leadership, Communication, Analytical Thinking",C++,"Docker, Power BI, TensorFlow",Retail,Onsite,2026-06-21,CAND0207,"Docker, Git, CI/CD, Kubernetes, Linux, React, Azure",AWS Certified,DevOps Engineer
JOB0208,Cloud Engineer,CloudPeak Systems,Bengaluru,4,BCA/MCA,Full-time,8.5,10.2,"AWS, Azure, Docker, Kubernetes, Linux, Python, Spark, React","Critical Thinking, Communication, Time Management",Python,"Docker, TensorFlow, Tableau",Consulting,Remote,2026-07-21,CAND0208,"React, Spark, Linux, Python, AWS, Kubernetes",Microsoft Power BI,Data Engineer
JOB0209,ML Engineer,DataSphere Analytics,Noida,4,Master's Degree,Contract,9.9,13.4,"Python, Machine Learning, TensorFlow, PyTorch, Docker, SQL, Kubernetes, Git","Analytical Thinking, Leadership, Problem Solving","Python, SQL","PyTorch, React, Git",IT Services,Hybrid,2026-02-15,CAND0209,"PyTorch, Machine Learning, Python, TensorFlow",Google Data Analytics,Data Engineer
JOB0210,Business Analyst,NextGen Digital,Mumbai,3,BCA/MCA,Internship,7.0,9.2,"Excel, SQL, Power BI, Tableau, Communication, Requirements Analysis, JavaScript, Docker","Teamwork, Time Management, Leadership","SQL, JavaScript","Kubernetes, Power BI, PyTorch",Healthcare,Remote,2026-03-17,CAND0210,"Power BI, JavaScript, Requirements Analysis, Excel, Communication",Azure Fundamentals,Business Analyst
JOB0211,Software Developer,CloudPeak Systems,Mumbai,4,BCA/MCA,Full-time,7.6,12.1,"Java, Python, SQL, Git, REST API, OOP, Docker, Spark","Time Management, Communication, Leadership","Java, Python, SQL","Git, Power BI, Tableau",Consulting,Remote,2026-05-11,CAND0211,"Docker, REST API, OOP",AWS Certified,Software Developer
JOB0212,Business Analyst,TechNova Solutions,Hyderabad,2,Any Graduate,Contract,6.5,9.2,"Excel, SQL, Power BI, Tableau, Communication, Requirements Analysis, PyTorch, AWS","Analytical Thinking, Critical Thinking, Leadership",SQL,"Jenkins, AWS, Power BI",Banking,Remote,2026-01-12,CAND0212,"SQL, Power BI, Tableau, Communication, Excel, Requirements Analysis",AWS Certified,Software Developer
JOB0213,Business Analyst,CloudPeak Systems,Chennai,10,Master's Degree,Internship,10.3,12.6,"Excel, SQL, Power BI, Tableau, Communication, Requirements Analysis, Jenkins, React","Problem Solving, Teamwork, Analytical Thinking",SQL,"Docker, Spark, Git",Telecom,Remote,2026-04-26,CAND0213,"Communication, Tableau, Excel",IBM Data Science,Cloud Engineer
JOB0214,Software Developer,NextGen Digital,Ahmedabad,4,B.Tech/B.E.,Contract,7.3,9.7,"Java, Python, SQL, Git, REST API, OOP, Databricks, Kubernetes","Problem Solving, Collaboration, Critical Thinking","Java, Python, SQL","Tableau, Spark, Jira",FinTech,Onsite,2026-03-12,CAND0214,"OOP, Git, REST API, Python, Kubernetes, SQL, Java",AWS Certified,Software Developer
JOB0215,ML Engineer,CloudPeak Systems,Mumbai,2,Any Graduate,Internship,9.7,14.1,"Python, Machine Learning, TensorFlow, PyTorch, Docker, SQL, Power BI, Java","Time Management, Leadership, Collaboration","Python, SQL, Java","Azure, Databricks, Git",IT Services,Hybrid,2026-03-09,CAND0215,"Java, SQL, Power BI, TensorFlow, Machine Learning",None,ML Engineer
JOB0216,AI Engineer,TechNova Solutions,Noida,7,Bachelor's Degree,Contract,11.7,15.1,"Python, Machine Learning, Deep Learning, TensorFlow, PyTorch, NLP, Docker, R","Adaptability, Leadership, Analytical Thinking","Python, R","Git, Azure, Excel",Healthcare,Onsite,2026-04-26,CAND0216,"Docker, TensorFlow, R, Machine Learning",Google Data Analytics,AI Engineer
JOB0217,AI Engineer,DataSphere Analytics,Gurugram,7,Master's Degree,Full-time,12.3,15.1,"Python, Machine Learning, Deep Learning, TensorFlow, PyTorch, NLP, JavaScript, Excel","Leadership, Adaptability, Analytical Thinking","Python, JavaScript","Power BI, Spark, Docker",Retail,Remote,2026-09-24,CAND0217,"JavaScript, NLP, Deep Learning",None,AI Engineer
JOB0218,Software Developer,BlueOrbit Technologies,Pune,3,Any Graduate,Full-time,6.7,10.7,"Java, Python, SQL, Git, REST API, OOP, React, JavaScript","Problem Solving, Collaboration, Leadership","Java, Python, SQL, JavaScript","Docker, PyTorch, Kubernetes",IT Services,Onsite,2026-08-26,CAND0218,"SQL, Git, JavaScript, REST API, Java, OOP",Microsoft Power BI,Software Developer
JOB0219,DevOps Engineer,Quantix Systems,Kolkata,1,B.Tech/B.E.,Contract,7.3,10.7,"Linux, Docker, Kubernetes, AWS, Git, CI/CD, React, JavaScript","Collaboration, Adaptability, Communication",JavaScript,"Excel, AWS, PyTorch",Telecom,Remote,2026-07-16,CAND0219,"Docker, Linux, React, AWS",Google Data Analytics,DevOps Engineer
JOB0220,ML Engineer,BlueOrbit Technologies,Gurugram,6,Master's Degree,Internship,10.2,12.6,"Python, Machine Learning, TensorFlow, PyTorch, Docker, SQL, Kubernetes, AWS","Communication, Critical Thinking, Teamwork","Python, SQL","Azure, React, Git",Manufacturing,Hybrid,2026-01-07,CAND0220,"Docker, SQL, Machine Learning, Python, Kubernetes, AWS",Microsoft Power BI,Data Analyst
JOB0221,AI Engineer,CodeCraft India,Kolkata,2,BCA/MCA,Contract,9.6,13.0,"Python, Machine Learning, Deep Learning, TensorFlow, PyTorch, NLP, AWS, Power BI","Teamwork, Communication, Critical Thinking",Python,"Docker, AWS, Jira",EdTech,Remote,2026-01-17,CAND0221,"TensorFlow, Python, Machine Learning, NLP, AWS, Deep Learning, PyTorch",IBM Data Science,AI Engineer
JOB0222,DevOps Engineer,BlueOrbit Technologies,Bengaluru,6,Bachelor's Degree,Internship,9.6,11.2,"Linux, Docker, Kubernetes, AWS, Git, CI/CD, Spark, JavaScript","Time Management, Analytical Thinking, Collaboration",JavaScript,"Docker, Spark, Azure",Healthcare,Remote,2026-05-30,CAND0222,"CI/CD, Kubernetes, AWS, Linux, JavaScript",None,DevOps Engineer
JOB0223,Data Scientist,BlueOrbit Technologies,Gurugram,10,B.Tech/B.E.,Internship,12.1,15.7,"Python, SQL, Machine Learning, Pandas, NumPy, Statistics, C++, JavaScript","Leadership, Time Management, Teamwork","Python, SQL, C++, JavaScript","Power BI, Tableau, Databricks",Manufacturing,Remote,2026-09-24,CAND0223,"C++, NumPy, Machine Learning, Statistics, JavaScript",None,ML Engineer
JOB0224,Software Developer,NextGen Digital,Ahmedabad,0,Any Graduate,Contract,5.4,9.3,"Java, Python, SQL, Git, REST API, OOP, Databricks, C++","Communication, Teamwork, Analytical Thinking","Java, Python, SQL, C++","PyTorch, Databricks, Docker",Telecom,Remote,2026-06-07,CAND0224,"Java, OOP, Python, SQL",None,Software Developer
JOB0225,ML Engineer,Vertex AI,Mumbai,7,Any Graduate,Contract,11.8,14.7,"Python, Machine Learning, TensorFlow, PyTorch, Docker, SQL, React, Spark","Analytical Thinking, Communication, Teamwork","Python, SQL","React, Git, PyTorch",Banking,Onsite,2026-08-25,CAND0225,"Python, SQL, Machine Learning, PyTorch, React, TensorFlow",Google Data Analytics,AI Engineer
JOB0226,Web Developer,DataSphere Analytics,Gurugram,10,B.Tech/B.E.,Contract,9.3,13.3,"HTML, CSS, JavaScript, React, Git, REST API, Power BI, Excel","Critical Thinking, Time Management, Teamwork",JavaScript,"Spark, TensorFlow, AWS",FinTech,Hybrid,2026-07-31,CAND0226,"Power BI, CSS, Git, HTML, JavaScript, React, Excel",None,Data Analyst
JOB0227,Software Developer,DataSphere Analytics,Ahmedabad,4,B.Tech/B.E.,Full-time,7.8,12.0,"Java, Python, SQL, Git, REST API, OOP, AWS, JavaScript","Communication, Critical Thinking, Leadership","Java, Python, SQL, JavaScript","Jenkins, Jira, Spark",FinTech,Onsite,2026-03-15,CAND0227,"Git, SQL, JavaScript, REST API",AWS Certified,Web Developer
JOB0228,Data Analyst,NextGen Digital,Ahmedabad,3,BCA/MCA,Contract,5.3,8.4,"Python, SQL, Excel, Power BI, Tableau, Statistics, TensorFlow, Kubernetes","Teamwork, Time Management, Collaboration","Python, SQL","AWS, TensorFlow, Tableau",IT Services,Remote,2026-05-27,CAND0228,"Python, Tableau, Excel, SQL, Statistics",Azure Fundamentals,Data Analyst
JOB0229,Cloud Engineer,CloudPeak Systems,Mumbai,4,Master's Degree,Internship,9.0,11.3,"AWS, Azure, Docker, Kubernetes, Linux, Python, PyTorch, C++","Communication, Teamwork, Leadership","Python, C++","Power BI, Tableau, Docker",Consulting,Onsite,2026-01-26,CAND0229,"Kubernetes, Azure, AWS, Docker, Linux",IBM Data Science,Cloud Engineer
JOB0230,DevOps Engineer,BlueOrbit Technologies,Gurugram,2,B.Tech/B.E.,Full-time,8.4,12.0,"Linux, Docker, Kubernetes, AWS, Git, CI/CD, JavaScript, Python","Problem Solving, Time Management, Collaboration","JavaScript, Python","Docker, AWS, Jenkins",Banking,Hybrid,2026-06-08,CAND0230,"Docker, JavaScript, AWS, Git, Python, Linux, CI/CD",Microsoft Power BI,Data Scientist
JOB0231,AI Engineer,DataSphere Analytics,Noida,3,Bachelor's Degree,Contract,9.7,12.6,"Python, Machine Learning, Deep Learning, TensorFlow, PyTorch, NLP, Power BI, AWS","Collaboration, Teamwork, Adaptability",Python,"TensorFlow, Spark, Kubernetes",Consulting,Remote,2026-09-18,CAND0231,"PyTorch, Power BI, Deep Learning, AWS",Microsoft Power BI,AI Engineer
JOB0232,Software Developer,DataSphere Analytics,Kolkata,10,Any Graduate,Contract,9.9,12.4,"Java, Python, SQL, Git, REST API, OOP, Kubernetes, PyTorch","Analytical Thinking, Teamwork, Adaptability","Java, Python, SQL","Kubernetes, AWS, TensorFlow",Consulting,Onsite,2026-09-07,CAND0232,"Kubernetes, PyTorch, Git, REST API, SQL, OOP, Java",Azure Fundamentals,Software Developer
JOB0233,Data Scientist,CodeCraft India,Kolkata,3,Master's Degree,Full-time,9.2,11.0,"Python, SQL, Machine Learning, Pandas, NumPy, Statistics, Excel, Git","Leadership, Analytical Thinking, Problem Solving","Python, SQL","React, Excel, Git",EdTech,Hybrid,2026-07-19,CAND0233,"Python, Excel, SQL, Statistics",IBM Data Science,AI Engineer
JOB0234,Business Analyst,NextGen Digital,Mumbai,4,B.Tech/B.E.,Contract,6.9,10.9,"Excel, SQL, Power BI, Tableau, Communication, Requirements Analysis, TensorFlow, AWS","Adaptability, Analytical Thinking, Critical Thinking",SQL,"Docker, Databricks, Jira",Consulting,Remote,2026-02-26,CAND0234,"Excel, Power BI, Communication, AWS, Requirements Analysis",Google Data Analytics,Cloud Engineer
JOB0235,ML Engineer,BlueOrbit Technologies,Noida,1,B.Tech/B.E.,Full-time,8.4,12.7,"Python, Machine Learning, TensorFlow, PyTorch, Docker, SQL, C++, AWS","Problem Solving, Adaptability, Critical Thinking","Python, SQL, C++","Kubernetes, Excel, Jenkins",Telecom,Hybrid,2026-03-15,CAND0235,"TensorFlow, AWS, SQL, Machine Learning, Docker, Python",Azure Fundamentals,ML Engineer
JOB0236,ML Engineer,Quantix Systems,Delhi,3,Master's Degree,Internship,9.9,12.6,"Python, Machine Learning, TensorFlow, PyTorch, Docker, SQL, R, Jenkins","Analytical Thinking, Communication, Critical Thinking","Python, SQL, R","React, Kubernetes, Jenkins",Banking,Onsite,2026-05-02,CAND0236,"TensorFlow, PyTorch, Docker, Python",Azure Fundamentals,DevOps Engineer
JOB0237,AI Engineer,Quantix Systems,Kolkata,5,BCA/MCA,Internship,10.9,15.0,"Python, Machine Learning, Deep Learning, TensorFlow, PyTorch, NLP, AWS, Docker","Communication, Analytical Thinking, Time Management",Python,"Excel, Power BI, Kubernetes",Manufacturing,Remote,2026-02-09,CAND0237,"Docker, PyTorch, Python, AWS, NLP",Microsoft Power BI,Software Developer
JOB0238,DevOps Engineer,BlueOrbit Technologies,Kolkata,3,B.Tech/B.E.,Internship,9.1,11.5,"Linux, Docker, Kubernetes, AWS, Git, CI/CD, Databricks, Java","Communication, Time Management, Adaptability",Java,"Jenkins, React, Power BI",EdTech,Hybrid,2026-02-01,CAND0238,"Linux, CI/CD, Git, Kubernetes",None,DevOps Engineer
JOB0239,ML Engineer,AlphaByte Labs,Bengaluru,6,BCA/MCA,Internship,10.5,13.8,"Python, Machine Learning, TensorFlow, PyTorch, Docker, SQL, AWS, JavaScript","Leadership, Critical Thinking, Teamwork","Python, SQL, JavaScript","Excel, Spark, Power BI",Banking,Onsite,2026-08-17,CAND0239,"Docker, Python, SQL, AWS, Machine Learning",Google Data Analytics,ML Engineer
JOB0240,DevOps Engineer,CloudPeak Systems,Gurugram,6,Master's Degree,Contract,9.7,12.3,"Linux, Docker, Kubernetes, AWS, Git, CI/CD, PyTorch, R","Time Management, Critical Thinking, Analytical Thinking",R,"Excel, Spark, Azure",Consulting,Remote,2026-01-27,CAND0240,"Kubernetes, Docker, Git, R, Linux, CI/CD",IBM Data Science,DevOps Engineer
JOB0241,Data Engineer,CodeCraft India,Delhi,1,BCA/MCA,Contract,8.1,9.6,"Python, SQL, Spark, AWS, Docker, ETL, C++, PyTorch","Time Management, Teamwork, Problem Solving","Python, SQL, C++","Git, React, Docker",Manufacturing,Remote,2026-08-10,CAND0241,"C++, ETL, Spark, Docker, Python, AWS",IBM Data Science,Cloud Engineer
JOB0242,Software Developer,Quantix Systems,Pune,5,Master's Degree,Contract,8.5,10.9,"Java, Python, SQL, Git, REST API, OOP, Docker, Jenkins","Leadership, Time Management, Problem Solving","Java, Python, SQL","Azure, Power BI, Jira",Telecom,Onsite,2026-02-20,CAND0242,"Java, Docker, Jenkins",None,Data Analyst
JOB0243,DevOps Engineer,NextGen Digital,Delhi,5,Master's Degree,Internship,8.8,12.9,"Linux, Docker, Kubernetes, AWS, Git, CI/CD, React, TensorFlow","Teamwork, Critical Thinking, Problem Solving",JavaScript,"Jenkins, Git, Excel",Banking,Hybrid,2026-04-05,CAND0243,"React, CI/CD, TensorFlow, Git",Google Data Analytics,DevOps Engineer
JOB0244,Data Scientist,BlueOrbit Technologies,Pune,3,B.Tech/B.E.,Internship,8.7,10.4,"Python, SQL, Machine Learning, Pandas, NumPy, Statistics, Spark, Tableau","Adaptability, Leadership, Time Management","Python, SQL","Git, Tableau, Kubernetes",EdTech,Onsite,2026-04-02,CAND0244,"Machine Learning, Pandas, Python, Spark, SQL",None,DevOps Engineer
JOB0245,Data Scientist,Vertex AI,Kolkata,6,Bachelor's Degree,Internship,9.6,12.6,"Python, SQL, Machine Learning, Pandas, NumPy, Statistics, AWS, Spark","Critical Thinking, Collaboration, Leadership","Python, SQL","Docker, Jira, Jenkins",FinTech,Remote,2026-06-18,CAND0245,"Python, Statistics, Pandas",Google Data Analytics,Data Scientist
JOB0246,Data Analyst,DataSphere Analytics,Gurugram,6,BCA/MCA,Internship,7.3,10.5,"Python, SQL, Excel, Power BI, Tableau, Statistics, Java, Databricks","Leadership, Problem Solving, Time Management","Python, SQL, Java","Power BI, Docker, Git",Healthcare,Hybrid,2026-06-24,CAND0246,"Statistics, Databricks, Excel, Power BI, Python",IBM Data Science,Data Scientist
JOB0247,Data Engineer,Vertex AI,Pune,5,Any Graduate,Internship,9.3,13.5,"Python, SQL, Spark, AWS, Docker, ETL, TensorFlow, Jira","Time Management, Critical Thinking, Collaboration","Python, SQL","Jira, Excel, Kubernetes",IT Services,Onsite,2026-09-08,CAND0247,"AWS, SQL, Python, TensorFlow, ETL, Spark",AWS Certified,Data Engineer
JOB0248,Data Analyst,BlueOrbit Technologies,Kolkata,5,Bachelor's Degree,Full-time,6.7,8.8,"Python, SQL, Excel, Power BI, Tableau, Statistics, Jira, Java","Problem Solving, Communication, Teamwork","Python, SQL, Java","Git, Power BI, TensorFlow",FinTech,Hybrid,2026-01-10,CAND0248,"Java, Statistics, Tableau, SQL, Jira, Python, Excel",Azure Fundamentals,ML Engineer
JOB0249,ML Engineer,AlphaByte Labs,Hyderabad,6,Bachelor's Degree,Internship,10.3,13.6,"Python, Machine Learning, TensorFlow, PyTorch, Docker, SQL, AWS, JavaScript","Problem Solving, Analytical Thinking, Communication","Python, SQL, JavaScript","Tableau, TensorFlow, AWS",Consulting,Onsite,2026-03-12,CAND0249,"PyTorch, Python, Machine Learning, JavaScript, TensorFlow, Docker, SQL",IBM Data Science,ML Engineer
JOB0250,Business Analyst,CodeCraft India,Delhi,2,Master's Degree,Internship,6.1,8.0,"Excel, SQL, Power BI, Tableau, Communication, Requirements Analysis, Kubernetes, JavaScript","Critical Thinking, Problem Solving, Teamwork","SQL, JavaScript","AWS, Git, TensorFlow",Retail,Hybrid,2026-02-15,CAND0250,"Kubernetes, JavaScript, SQL, Excel, Tableau, Communication, Power BI",Microsoft Power BI,Business Analyst
JOB0251,Software Developer,DataSphere Analytics,Ahmedabad,4,Bachelor's Degree,Internship,7.7,11.0,"Java, Python, SQL, Git, REST API, OOP, PyTorch, Tableau","Analytical Thinking, Leadership, Critical Thinking","Java, Python, SQL","Excel, Git, Jira",Healthcare,Hybrid,2026-04-09,CAND0251,"REST API, SQL, Git",None,Software Developer
JOB0252,Software Developer,Vertex AI,Delhi,5,BCA/MCA,Internship,8.5,11.4,"Java, Python, SQL, Git, REST API, OOP, Azure, TensorFlow","Critical Thinking, Communication, Collaboration","Java, Python, SQL","Jenkins, Power BI, Spark",E-Commerce,Onsite,2026-04-18,CAND0252,"SQL, OOP, Java, Azure",None,Business Analyst
JOB0253,AI Engineer,Vertex AI,Hyderabad,0,Master's Degree,Full-time,8.2,11.0,"Python, Machine Learning, Deep Learning, TensorFlow, PyTorch, NLP, R, Azure","Teamwork, Critical Thinking, Time Management","Python, R","Kubernetes, Power BI, Docker",E-Commerce,Onsite,2026-05-02,CAND0253,"NLP, TensorFlow, Machine Learning, Deep Learning, Azure, Python, R",Azure Fundamentals,AI Engineer
JOB0254,AI Engineer,CloudPeak Systems,Pune,3,Master's Degree,Contract,9.9,12.0,"Python, Machine Learning, Deep Learning, TensorFlow, PyTorch, NLP, Kubernetes, Databricks","Adaptability, Problem Solving, Collaboration",Python,"PyTorch, Azure, TensorFlow",Telecom,Onsite,2026-05-24,CAND0254,"PyTorch, Machine Learning, Deep Learning, Kubernetes, Python",IBM Data Science,AI Engineer
JOB0255,DevOps Engineer,InnoSoft Technologies,Chennai,1,Master's Degree,Internship,8.0,11.0,"Linux, Docker, Kubernetes, AWS, Git, CI/CD, Spark, Jenkins","Leadership, Problem Solving, Time Management",Python,"Docker, Power BI, Jira",Manufacturing,Remote,2026-05-07,CAND0255,"Jenkins, Spark, AWS, Kubernetes",Azure Fundamentals,Data Analyst
JOB0256,Data Analyst,InnoSoft Technologies,Bengaluru,3,BCA/MCA,Contract,6.4,10.0,"Python, SQL, Excel, Power BI, Tableau, Statistics, JavaScript, Git","Leadership, Teamwork, Communication","Python, SQL, JavaScript","Kubernetes, Git, TensorFlow",E-Commerce,Remote,2026-07-28,CAND0256,"Git, Power BI, SQL",Microsoft Power BI,Data Analyst
JOB0257,DevOps Engineer,Quantix Systems,Mumbai,3,BCA/MCA,Contract,7.9,11.5,"Linux, Docker, Kubernetes, AWS, Git, CI/CD, Power BI, JavaScript","Time Management, Leadership, Adaptability",JavaScript,"Git, Tableau, React",Banking,Remote,2026-06-20,CAND0257,"CI/CD, JavaScript, AWS, Linux",None,Data Scientist
JOB0258,Cloud Engineer,CloudPeak Systems,Chennai,0,B.Tech/B.E.,Internship,6.9,9.8,"AWS, Azure, Docker, Kubernetes, Linux, Python, SQL, R","Teamwork, Critical Thinking, Analytical Thinking","Python, SQL, R","Excel, React, Jenkins",Healthcare,Remote,2026-04-15,CAND0258,"Python, Docker, Azure",Google Data Analytics,Cloud Engineer
JOB0259,Business Analyst,CodeCraft India,Chennai,4,Bachelor's Degree,Full-time,6.8,8.5,"Excel, SQL, Power BI, Tableau, Communication, Requirements Analysis, Databricks, Git","Critical Thinking, Teamwork, Communication",SQL,"Docker, AWS, TensorFlow",FinTech,Onsite,2026-08-20,CAND0259,"Requirements Analysis, Tableau, Databricks, Communication, Excel",Google Data Analytics,AI Engineer
JOB0260,Web Developer,AlphaByte Labs,Noida,3,Master's Degree,Internship,6.5,9.6,"HTML, CSS, JavaScript, React, Git, REST API, Azure, TensorFlow","Communication, Time Management, Teamwork",JavaScript,"Tableau, Power BI, Excel",Healthcare,Remote,2026-08-31,CAND0260,"Git, React, REST API",IBM Data Science,Web Developer
JOB0261,Business Analyst,AlphaByte Labs,Delhi,5,Bachelor's Degree,Full-time,7.8,10.8,"Excel, SQL, Power BI, Tableau, Communication, Requirements Analysis, Java, Jira","Analytical Thinking, Time Management, Leadership","SQL, Java","AWS, React, Databricks",Retail,Hybrid,2026-09-05,CAND0261,"Jira, Tableau, Power BI, Communication, SQL, Java, Excel",Google Data Analytics,Business Analyst
JOB0262,ML Engineer,AlphaByte Labs,Bengaluru,2,BCA/MCA,Contract,8.4,10.8,"Python, Machine Learning, TensorFlow, PyTorch, Docker, SQL, Kubernetes, AWS","Collaboration, Problem Solving, Time Management","Python, SQL","TensorFlow, Tableau, Power BI",Consulting,Hybrid,2026-06-12,CAND0262,"AWS, TensorFlow, Kubernetes, Machine Learning",Google Data Analytics,ML Engineer
JOB0263,AI Engineer,DataSphere Analytics,Gurugram,0,Bachelor's Degree,Full-time,8.9,13.3,"Python, Machine Learning, Deep Learning, TensorFlow, PyTorch, NLP, Excel, Docker","Collaboration, Teamwork, Problem Solving",Python,"Power BI, Docker, React",Healthcare,Hybrid,2026-06-23,CAND0263,"PyTorch, TensorFlow, Deep Learning, Docker, Machine Learning",AWS Certified,DevOps Engineer
JOB0264,Data Scientist,BlueOrbit Technologies,Chennai,4,Any Graduate,Internship,9.0,12.1,"Python, SQL, Machine Learning, Pandas, NumPy, Statistics, Git, Tableau","Collaboration, Communication, Analytical Thinking","Python, SQL","PyTorch, Docker, AWS",Consulting,Hybrid,2026-04-10,CAND0264,"Pandas, Python, Git, NumPy, Tableau",Microsoft Power BI,Data Scientist
JOB0265,Business Analyst,CloudPeak Systems,Kolkata,2,Any Graduate,Full-time,5.7,8.5,"Excel, SQL, Power BI, Tableau, Communication, Requirements Analysis, AWS, Jenkins","Problem Solving, Leadership, Collaboration",SQL,"Kubernetes, Jira, Spark",Banking,Onsite,2026-08-01,CAND0265,"SQL, Jenkins, Requirements Analysis, Tableau, Communication, AWS, Power BI",Azure Fundamentals,ML Engineer
JOB0266,Data Engineer,NextGen Digital,Kolkata,3,BCA/MCA,Contract,9.0,11.7,"Python, SQL, Spark, AWS, Docker, ETL, Azure, Power BI","Collaboration, Critical Thinking, Teamwork","Python, SQL","Power BI, Excel, Databricks",E-Commerce,Hybrid,2026-01-22,CAND0266,"Power BI, ETL, Docker, SQL, Azure, Python, AWS",AWS Certified,Web Developer
JOB0267,AI Engineer,CodeCraft India,Noida,3,BCA/MCA,Internship,9.9,13.5,"Python, Machine Learning, Deep Learning, TensorFlow, PyTorch, NLP, Azure, Jenkins","Critical Thinking, Teamwork, Problem Solving",Python,"Spark, Jenkins, React",IT Services,Hybrid,2026-09-04,CAND0267,"Python, Jenkins, Deep Learning, TensorFlow",Google Data Analytics,Data Scientist
JOB0268,DevOps Engineer,NextGen Digital,Ahmedabad,2,Bachelor's Degree,Internship,8.5,10.4,"Linux, Docker, Kubernetes, AWS, Git, CI/CD, Tableau, PyTorch","Leadership, Problem Solving, Adaptability",Python,"React, Excel, AWS",Retail,Hybrid,2026-05-29,CAND0268,"Linux, Kubernetes, Tableau, AWS",AWS Certified,DevOps Engineer
JOB0269,Web Developer,AlphaByte Labs,Bengaluru,1,Bachelor's Degree,Full-time,5.2,9.2,"HTML, CSS, JavaScript, React, Git, REST API, Spark, Jira","Problem Solving, Leadership, Adaptability",JavaScript,"Azure, Excel, Spark",Telecom,Remote,2026-07-30,CAND0269,"JavaScript, Git, Jira",Azure Fundamentals,Business Analyst
JOB0270,Cloud Engineer,CodeCraft India,Ahmedabad,3,BCA/MCA,Full-time,7.9,11.9,"AWS, Azure, Docker, Kubernetes, Linux, Python, PyTorch, Git","Time Management, Communication, Analytical Thinking",Python,"Jira, Tableau, Azure",E-Commerce,Remote,2026-08-15,CAND0270,"Git, Docker, PyTorch",Google Data Analytics,Cloud Engineer
JOB0271,Software Developer,DataSphere Analytics,Mumbai,2,Any Graduate,Internship,7.2,10.0,"Java, Python, SQL, Git, REST API, OOP, React, TensorFlow","Communication, Critical Thinking, Collaboration","Java, Python, SQL","Databricks, TensorFlow, Power BI",FinTech,Hybrid,2026-04-11,CAND0271,"Python, Java, Git",IBM Data Science,Software Developer
JOB0272,Data Analyst,CodeCraft India,Chennai,1,BCA/MCA,Full-time,5.2,8.5,"Python, SQL, Excel, Power BI, Tableau, Statistics, PyTorch, Java","Collaboration, Leadership, Time Management","Python, SQL, Java","React, Tableau, Jira",Telecom,Onsite,2026-05-23,CAND0272,"Excel, Statistics, Java, Python",Azure Fundamentals,Data Analyst
JOB0273,Software Developer,BlueOrbit Technologies,Pune,1,B.Tech/B.E.,Contract,6.4,7.9,"Java, Python, SQL, Git, REST API, OOP, Docker, React","Adaptability, Collaboration, Teamwork","Java, Python, SQL","Spark, Azure, Docker",FinTech,Hybrid,2026-04-05,CAND0273,"Git, REST API, OOP",None,AI Engineer
JOB0274,AI Engineer,InnoSoft Technologies,Ahmedabad,1,Master's Degree,Contract,9.4,13.0,"Python, Machine Learning, Deep Learning, TensorFlow, PyTorch, NLP, Azure, R","Adaptability, Leadership, Collaboration","Python, R","Tableau, Jira, Excel",Manufacturing,Remote,2026-08-16,CAND0274,"Python, R, Deep Learning, TensorFlow, Azure, Machine Learning, NLP",AWS Certified,AI Engineer
JOB0275,ML Engineer,DataSphere Analytics,Chennai,3,B.Tech/B.E.,Contract,8.9,11.7,"Python, Machine Learning, TensorFlow, PyTorch, Docker, SQL, Power BI, Jira","Leadership, Adaptability, Communication","Python, SQL","Azure, Jira, Docker",Manufacturing,Hybrid,2026-03-28,CAND0275,"Machine Learning, Jira, PyTorch",IBM Data Science,ML Engineer
JOB0276,DevOps Engineer,CloudPeak Systems,Mumbai,3,Bachelor's Degree,Internship,8.7,13.1,"Linux, Docker, Kubernetes, AWS, Git, CI/CD, Excel, SQL","Communication, Teamwork, Leadership",SQL,"Git, Power BI, AWS",Consulting,Remote,2026-04-29,CAND0276,"Git, Docker, AWS, Linux, SQL, Excel",IBM Data Science,AI Engineer
JOB0277,Business Analyst,Quantix Systems,Ahmedabad,4,Bachelor's Degree,Full-time,6.3,8.0,"Excel, SQL, Power BI, Tableau, Communication, Requirements Analysis, Docker, Jenkins","Adaptability, Teamwork, Leadership",SQL,"Kubernetes, PyTorch, Docker",Manufacturing,Hybrid,2026-06-25,CAND0277,"Jenkins, Docker, Tableau, SQL, Power BI, Requirements Analysis, Communication",None,AI Engineer
JOB0278,Data Analyst,CodeCraft India,Gurugram,5,Any Graduate,Internship,7.2,11.4,"Python, SQL, Excel, Power BI, Tableau, Statistics, Kubernetes, Git","Collaboration, Critical Thinking, Leadership","Python, SQL","Spark, Jira, AWS",Retail,Onsite,2026-02-26,CAND0278,"Git, Power BI, SQL, Excel",Microsoft Power BI,Data Engineer
JOB0279,Web Developer,AlphaByte Labs,Noida,4,Bachelor's Degree,Contract,6.2,10.6,"HTML, CSS, JavaScript, React, Git, REST API, Java, Databricks","Analytical Thinking, Collaboration, Leadership","JavaScript, Java","PyTorch, Power BI, Git",Healthcare,Onsite,2026-01-14,CAND0279,"HTML, Databricks, Git, Java, CSS",Google Data Analytics,Business Analyst
JOB0280,Web Developer,Vertex AI,Kolkata,7,Master's Degree,Contract,7.2,9.2,"HTML, CSS, JavaScript, React, Git, REST API, AWS, C++","Teamwork, Critical Thinking, Communication","JavaScript, C++","Jenkins, Git, Azure",Banking,Hybrid,2026-06-12,CAND0280,"REST API, HTML, React, C++, Git, CSS, AWS",Azure Fundamentals,Web Developer
JOB0281,Business Analyst,InnoSoft Technologies,Kolkata,3,Bachelor's Degree,Internship,6.4,9.4,"Excel, SQL, Power BI, Tableau, Communication, Requirements Analysis, Kubernetes, Jenkins","Teamwork, Analytical Thinking, Problem Solving",SQL,"Tableau, React, Excel",Retail,Hybrid,2026-07-25,CAND0281,"Tableau, Power BI, Kubernetes",Microsoft Power BI,Data Analyst
JOB0282,Software Developer,TechNova Solutions,Ahmedabad,5,B.Tech/B.E.,Internship,7.6,11.5,"Java, Python, SQL, Git, REST API, OOP, Excel, AWS","Critical Thinking, Leadership, Analytical Thinking","Java, Python, SQL","Jira, Jenkins, Kubernetes",EdTech,Remote,2026-04-03,CAND0282,"OOP, Python, Git, AWS, SQL, REST API",Azure Fundamentals,Cloud Engineer
JOB0283,DevOps Engineer,Vertex AI,Delhi,4,BCA/MCA,Internship,8.7,10.6,"Linux, Docker, Kubernetes, AWS, Git, CI/CD, Java, Tableau","Problem Solving, Time Management, Analytical Thinking",Java,"React, Azure, Docker",Healthcare,Onsite,2026-04-15,CAND0283,"Git, Java, AWS, CI/CD",Google Data Analytics,DevOps Engineer
JOB0284,Software Developer,NextGen Digital,Ahmedabad,6,B.Tech/B.E.,Internship,8.0,11.0,"Java, Python, SQL, Git, REST API, OOP, Power BI, Kubernetes","Communication, Critical Thinking, Adaptability","Java, Python, SQL","Power BI, Databricks, Tableau",Banking,Remote,2026-05-13,CAND0284,"Power BI, OOP, Java, Python, REST API, Git",AWS Certified,Software Developer
JOB0285,Data Scientist,DataSphere Analytics,Hyderabad,5,Any Graduate,Full-time,10.4,13.1,"Python, SQL, Machine Learning, Pandas, NumPy, Statistics, Jira, Jenkins","Analytical Thinking, Collaboration, Adaptability","Python, SQL","React, Jenkins, Docker",Healthcare,Hybrid,2026-09-12,CAND0285,"Pandas, Python, NumPy, Statistics",Google Data Analytics,Data Scientist
JOB0286,ML Engineer,CloudPeak Systems,Chennai,2,Master's Degree,Internship,8.7,11.4,"Python, Machine Learning, TensorFlow, PyTorch, Docker, SQL, Azure, AWS","Analytical Thinking, Time Management, Communication","Python, SQL","Git, React, Power BI",IT Services,Remote,2026-05-23,CAND0286,"Python, PyTorch, Docker, TensorFlow, AWS, Machine Learning, SQL",IBM Data Science,ML Engineer
JOB0287,Software Developer,NextGen Digital,Delhi,2,Bachelor's Degree,Full-time,7.1,9.7,"Java, Python, SQL, Git, REST API, OOP, Spark, Jira","Time Management, Leadership, Adaptability","Java, Python, SQL","Databricks, AWS, Kubernetes",Banking,Remote,2026-07-21,CAND0287,"Git, Spark, Jira",Microsoft Power BI,Software Developer
JOB0288,Data Analyst,Vertex AI,Kolkata,1,Any Graduate,Internship,5.4,8.4,"Python, SQL, Excel, Power BI, Tableau, Statistics, Git, JavaScript","Analytical Thinking, Critical Thinking, Collaboration","Python, SQL, JavaScript","Power BI, Excel, Databricks",E-Commerce,Remote,2026-06-30,CAND0288,"Statistics, JavaScript, Power BI, Python, SQL, Excel",Microsoft Power BI,Data Analyst
JOB0289,ML Engineer,BlueOrbit Technologies,Gurugram,2,B.Tech/B.E.,Contract,8.7,11.9,"Python, Machine Learning, TensorFlow, PyTorch, Docker, SQL, Power BI, React","Problem Solving, Analytical Thinking, Adaptability","Python, SQL","TensorFlow, Azure, Tableau",Consulting,Hybrid,2026-06-13,CAND0289,"TensorFlow, Machine Learning, Docker",Google Data Analytics,ML Engineer
JOB0290,Data Engineer,CodeCraft India,Delhi,7,B.Tech/B.E.,Full-time,9.9,14.2,"Python, SQL, Spark, AWS, Docker, ETL, Java, JavaScript","Analytical Thinking, Problem Solving, Time Management","Python, SQL, Java, JavaScript","Tableau, Power BI, Jenkins",Retail,Hybrid,2026-08-08,CAND0290,"AWS, Python, JavaScript, SQL, Spark, ETL, Java",Microsoft Power BI,Data Analyst
JOB0291,AI Engineer,NextGen Digital,Hyderabad,5,Master's Degree,Full-time,10.4,14.5,"Python, Machine Learning, Deep Learning, TensorFlow, PyTorch, NLP, Azure, React","Adaptability, Problem Solving, Communication",Python,"TensorFlow, Databricks, Azure",Telecom,Hybrid,2026-04-21,CAND0291,"PyTorch, NLP, TensorFlow, Azure, Machine Learning",Google Data Analytics,AI Engineer
JOB0292,Business Analyst,AlphaByte Labs,Hyderabad,0,Master's Degree,Contract,4.6,7.1,"Excel, SQL, Power BI, Tableau, Communication, Requirements Analysis, JavaScript, TensorFlow","Communication, Collaboration, Problem Solving","SQL, JavaScript","Spark, React, Docker",EdTech,Hybrid,2026-01-27,CAND0292,"Tableau, Requirements Analysis, TensorFlow, JavaScript, Power BI, Excel",IBM Data Science,Business Analyst
JOB0293,Business Analyst,AlphaByte Labs,Mumbai,4,B.Tech/B.E.,Contract,6.6,9.6,"Excel, SQL, Power BI, Tableau, Communication, Requirements Analysis, Docker, Azure","Time Management, Analytical Thinking, Leadership",SQL,"TensorFlow, Databricks, React",EdTech,Remote,2026-03-01,CAND0293,"Azure, SQL, Excel, Power BI, Tableau",AWS Certified,ML Engineer
JOB0294,Data Engineer,CloudPeak Systems,Gurugram,5,Master's Degree,Full-time,9.3,13.7,"Python, SQL, Spark, AWS, Docker, ETL, Kubernetes, C++","Critical Thinking, Communication, Leadership","Python, SQL, C++","PyTorch, Jenkins, Spark",Manufacturing,Hybrid,2026-05-14,CAND0294,"C++, Python, SQL, ETL, Kubernetes, AWS, Spark",Microsoft Power BI,Data Analyst
JOB0295,Data Scientist,Vertex AI,Pune,2,B.Tech/B.E.,Contract,8.1,10.5,"Python, SQL, Machine Learning, Pandas, NumPy, Statistics, TensorFlow, Azure","Teamwork, Analytical Thinking, Communication","Python, SQL","TensorFlow, Git, Jira",FinTech,Hybrid,2026-04-03,CAND0295,"NumPy, Azure, Statistics, TensorFlow",AWS Certified,Data Scientist
JOB0296,DevOps Engineer,CodeCraft India,Bengaluru,1,B.Tech/B.E.,Full-time,7.0,11.0,"Linux, Docker, Kubernetes, AWS, Git, CI/CD, TensorFlow, Databricks","Time Management, Analytical Thinking, Adaptability",Python,"Jenkins, Tableau, Spark",Telecom,Hybrid,2026-06-16,CAND0296,"Databricks, CI/CD, Kubernetes, Git, Linux, Docker",None,Data Analyst
JOB0297,Data Engineer,DataSphere Analytics,Delhi,2,Master's Degree,Contract,8.4,11.1,"Python, SQL, Spark, AWS, Docker, ETL, Jenkins, Azure","Time Management, Problem Solving, Critical Thinking","Python, SQL","Git, Tableau, PyTorch",Retail,Onsite,2026-03-20,CAND0297,"AWS, SQL, Azure",Microsoft Power BI,Data Engineer
JOB0298,AI Engineer,InnoSoft Technologies,Bengaluru,2,Master's Degree,Internship,9.6,11.4,"Python, Machine Learning, Deep Learning, TensorFlow, PyTorch, NLP, Databricks, JavaScript","Collaboration, Teamwork, Problem Solving","Python, JavaScript","Kubernetes, Docker, Tableau",Manufacturing,Hybrid,2026-08-26,CAND0298,"NLP, PyTorch, Machine Learning, TensorFlow, Databricks, Python",Google Data Analytics,Data Analyst
JOB0299,ML Engineer,NextGen Digital,Kolkata,2,Bachelor's Degree,Internship,8.9,12.1,"Python, Machine Learning, TensorFlow, PyTorch, Docker, SQL, Excel, JavaScript","Communication, Teamwork, Analytical Thinking","Python, SQL, JavaScript","Git, Kubernetes, AWS",E-Commerce,Hybrid,2026-07-01,CAND0299,"Machine Learning, Python, Docker, Excel, PyTorch, JavaScript, SQL",None,AI Engineer
JOB0300,Data Scientist,Vertex AI,Ahmedabad,2,Bachelor's Degree,Full-time,8.8,12.6,"Python, SQL, Machine Learning, Pandas, NumPy, Statistics, Jira, React","Adaptability, Teamwork, Communication","Python, SQL","AWS, Git, Kubernetes",Manufacturing,Remote,2026-02-24,CAND0300,"NumPy, Machine Learning, SQL, Statistics, React, Python",Microsoft Power BI,DevOps Engineer
JOB0301,DevOps Engineer,TechNova Solutions,Hyderabad,4,Master's Degree,Internship,9.6,12.2,"Linux, Docker, Kubernetes, AWS, Git, CI/CD, R, Jira","Problem Solving, Leadership, Critical Thinking",R,"Jira, Git, Excel",Retail,Onsite,2026-04-07,CAND0301,"Git, Linux, Docker, CI/CD, R, AWS",None,DevOps Engineer
JOB0302,Web Developer,NextGen Digital,Kolkata,3,Master's Degree,Full-time,5.3,7.3,"HTML, CSS, JavaScript, React, Git, REST API, SQL, TensorFlow","Analytical Thinking, Communication, Critical Thinking","JavaScript, SQL","Git, Jira, Jenkins",Consulting,Hybrid,2026-04-14,CAND0302,"TensorFlow, React, SQL, HTML",Microsoft Power BI,Web Developer
JOB0303,DevOps Engineer,Vertex AI,Gurugram,3,Bachelor's Degree,Contract,8.4,11.7,"Linux, Docker, Kubernetes, AWS, Git, CI/CD, Jira, Tableau","Analytical Thinking, Critical Thinking, Collaboration",JavaScript,"Power BI, AWS, TensorFlow",Healthcare,Hybrid,2026-05-18,CAND0303,"Tableau, Docker, CI/CD, Linux, Git, Jira, Kubernetes",AWS Certified,DevOps Engineer
JOB0304,AI Engineer,NextGen Digital,Pune,2,Master's Degree,Full-time,10.1,12.6,"Python, Machine Learning, Deep Learning, TensorFlow, PyTorch, NLP, React, R","Problem Solving, Leadership, Teamwork","Python, R","React, Kubernetes, Tableau",Consulting,Hybrid,2026-04-17,CAND0304,"R, Machine Learning, Deep Learning, TensorFlow, PyTorch, NLP, React",AWS Certified,AI Engineer
JOB0305,Software Developer,DataSphere Analytics,Kolkata,10,B.Tech/B.E.,Full-time,9.9,12.2,"Java, Python, SQL, Git, REST API, OOP, Docker, Tableau","Collaboration, Leadership, Critical Thinking","Java, Python, SQL","TensorFlow, PyTorch, Excel",Banking,Onsite,2026-08-09,CAND0305,"SQL, Docker, REST API, Java",Azure Fundamentals,Data Scientist
JOB0306,Web Developer,DataSphere Analytics,Hyderabad,4,BCA/MCA,Full-time,5.8,7.5,"HTML, CSS, JavaScript, React, Git, REST API, TensorFlow, R","Time Management, Critical Thinking, Adaptability","JavaScript, R","Spark, Kubernetes, Jenkins",FinTech,Onsite,2026-03-27,CAND0306,"R, TensorFlow, HTML, REST API, Git, JavaScript",IBM Data Science,Web Developer
JOB0307,Business Analyst,CloudPeak Systems,Pune,1,BCA/MCA,Contract,5.1,9.5,"Excel, SQL, Power BI, Tableau, Communication, Requirements Analysis, Jira, Docker","Adaptability, Analytical Thinking, Critical Thinking",SQL,"Git, Azure, AWS",Retail,Hybrid,2026-09-16,CAND0307,"Tableau, Jira, Docker",Google Data Analytics,Business Analyst
JOB0308,ML Engineer,Vertex AI,Bengaluru,8,Master's Degree,Full-time,12.3,16.7,"Python, Machine Learning, TensorFlow, PyTorch, Docker, SQL, JavaScript, React","Adaptability, Communication, Analytical Thinking","Python, SQL, JavaScript","Databricks, Git, AWS",Telecom,Onsite,2026-06-11,CAND0308,"SQL, Python, PyTorch, Machine Learning, JavaScript, TensorFlow, React",IBM Data Science,Data Scientist
JOB0309,Cloud Engineer,Quantix Systems,Kolkata,3,Any Graduate,Internship,8.7,11.9,"AWS, Azure, Docker, Kubernetes, Linux, Python, Jira, Git","Critical Thinking, Analytical Thinking, Adaptability",Python,"Excel, Git, Docker",Healthcare,Hybrid,2026-04-16,CAND0309,"Python, Docker, AWS, Jira, Azure",None,Data Engineer
JOB0310,Data Analyst,Quantix Systems,Kolkata,5,BCA/MCA,Full-time,7.2,9.1,"Python, SQL, Excel, Power BI, Tableau, Statistics, Jira, Spark","Time Management, Adaptability, Collaboration","Python, SQL","Tableau, Jenkins, Power BI",Banking,Hybrid,2026-01-15,CAND0310,"Tableau, SQL, Python, Spark, Excel, Power BI, Jira",IBM Data Science,Data Analyst
JOB0311,Cloud Engineer,CodeCraft India,Bengaluru,0,Master's Degree,Internship,7.3,9.2,"AWS, Azure, Docker, Kubernetes, Linux, Python, SQL, Tableau","Leadership, Teamwork, Problem Solving","Python, SQL","Spark, React, Azure",Banking,Hybrid,2026-05-26,CAND0311,"AWS, Kubernetes, Docker, Azure, Linux",None,Business Analyst
JOB0312,ML Engineer,Vertex AI,Delhi,3,Any Graduate,Contract,8.9,11.7,"Python, Machine Learning, TensorFlow, PyTorch, Docker, SQL, JavaScript, C++","Adaptability, Critical Thinking, Analytical Thinking","Python, SQL, JavaScript, C++","Databricks, Kubernetes, Jenkins",Consulting,Onsite,2026-09-23,CAND0312,"C++, Machine Learning, PyTorch, Python",Google Data Analytics,Business Analyst
JOB0313,Cloud Engineer,CodeCraft India,Noida,5,Bachelor's Degree,Full-time,8.8,12.4,"AWS, Azure, Docker, Kubernetes, Linux, Python, Spark, Jenkins","Analytical Thinking, Time Management, Communication",Python,"Spark, AWS, Tableau",Banking,Hybrid,2026-03-02,CAND0313,"Azure, Python, Jenkins, Kubernetes, Linux, AWS, Docker",AWS Certified,Cloud Engineer
JOB0314,Web Developer,Quantix Systems,Chennai,0,Bachelor's Degree,Full-time,4.1,8.0,"HTML, CSS, JavaScript, React, Git, REST API, Jenkins, Java","Adaptability, Critical Thinking, Time Management","JavaScript, Java","TensorFlow, React, Kubernetes",Banking,Hybrid,2026-03-04,CAND0314,"HTML, JavaScript, Jenkins, CSS, Git, REST API",Microsoft Power BI,Web Developer
JOB0315,DevOps Engineer,InnoSoft Technologies,Noida,4,BCA/MCA,Internship,8.8,11.6,"Linux, Docker, Kubernetes, AWS, Git, CI/CD, PyTorch, C++","Communication, Critical Thinking, Analytical Thinking",C++,"TensorFlow, Git, Tableau",E-Commerce,Remote,2026-07-18,CAND0315,"Kubernetes, PyTorch, CI/CD, C++, Linux, Git",None,DevOps Engineer
JOB0316,DevOps Engineer,NextGen Digital,Hyderabad,5,B.Tech/B.E.,Internship,8.8,13.2,"Linux, Docker, Kubernetes, AWS, Git, CI/CD, Jira, TensorFlow","Critical Thinking, Teamwork, Adaptability",R,"React, PyTorch, Docker",Telecom,Onsite,2026-01-10,CAND0316,"Linux, Git, Jira, Docker, AWS, Kubernetes, TensorFlow",Microsoft Power BI,DevOps Engineer
JOB0317,Data Analyst,DataSphere Analytics,Bengaluru,1,BCA/MCA,Contract,4.4,7.5,"Python, SQL, Excel, Power BI, Tableau, Statistics, Jira, Spark","Problem Solving, Communication, Time Management","Python, SQL","PyTorch, AWS, Power BI",IT Services,Hybrid,2026-05-11,CAND0317,"Tableau, Python, Jira, Statistics, SQL, Power BI",Microsoft Power BI,Data Analyst
JOB0318,Data Scientist,Quantix Systems,Ahmedabad,3,Master's Degree,Full-time,8.7,11.3,"Python, SQL, Machine Learning, Pandas, NumPy, Statistics, Git, TensorFlow","Time Management, Communication, Problem Solving","Python, SQL","Kubernetes, Spark, Docker",FinTech,Hybrid,2026-09-10,CAND0318,"Python, SQL, Git",None,Data Scientist
JOB0319,Data Engineer,BlueOrbit Technologies,Pune,7,Any Graduate,Full-time,9.9,14.3,"Python, SQL, Spark, AWS, Docker, ETL, Git, R","Problem Solving, Analytical Thinking, Time Management","Python, SQL, R","AWS, Excel, Azure",Retail,Hybrid,2026-07-28,CAND0319,"AWS, Git, Docker",Azure Fundamentals,ML Engineer
JOB0320,AI Engineer,AlphaByte Labs,Hyderabad,6,Any Graduate,Internship,11.9,15.3,"Python, Machine Learning, Deep Learning, TensorFlow, PyTorch, NLP, Tableau, Power BI","Time Management, Communication, Teamwork",Python,"Jenkins, Spark, React",FinTech,Hybrid,2026-07-14,CAND0320,"Python, Power BI, TensorFlow, Deep Learning",None,DevOps Engineer
JOB0321,Data Engineer,InnoSoft Technologies,Chennai,1,BCA/MCA,Full-time,7.6,9.9,"Python, SQL, Spark, AWS, Docker, ETL, TensorFlow, JavaScript","Critical Thinking, Analytical Thinking, Communication","Python, SQL, JavaScript","Databricks, Jenkins, AWS",IT Services,Remote,2026-05-20,CAND0321,"AWS, Docker, TensorFlow, Spark, ETL, JavaScript",Microsoft Power BI,Web Developer
JOB0322,Data Analyst,Vertex AI,Kolkata,1,BCA/MCA,Contract,5.1,8.7,"Python, SQL, Excel, Power BI, Tableau, Statistics, AWS, Jira","Problem Solving, Communication, Critical Thinking","Python, SQL","Kubernetes, PyTorch, Azure",Manufacturing,Onsite,2026-06-30,CAND0322,"AWS, Tableau, Python, Statistics, Jira, Excel",Google Data Analytics,Data Analyst
JOB0323,Data Analyst,CodeCraft India,Hyderabad,8,Bachelor's Degree,Full-time,8.0,9.8,"Python, SQL, Excel, Power BI, Tableau, Statistics, Git, Jira","Adaptability, Teamwork, Collaboration","Python, SQL","TensorFlow, React, Spark",Manufacturing,Onsite,2026-09-10,CAND0323,"Tableau, Git, Statistics, SQL, Jira, Power BI, Excel",Azure Fundamentals,Data Analyst
JOB0324,Software Developer,TechNova Solutions,Noida,4,Bachelor's Degree,Contract,7.7,9.6,"Java, Python, SQL, Git, REST API, OOP, PyTorch, AWS","Adaptability, Collaboration, Problem Solving","Java, Python, SQL","Tableau, Git, Spark",Manufacturing,Hybrid,2026-08-21,CAND0324,"Git, REST API, OOP, SQL, Python, PyTorch, Java",AWS Certified,Cloud Engineer
JOB0325,Cloud Engineer,Vertex AI,Pune,5,B.Tech/B.E.,Full-time,8.7,13.0,"AWS, Azure, Docker, Kubernetes, Linux, Python, Tableau, R","Problem Solving, Analytical Thinking, Collaboration","Python, R","Tableau, Git, Jira",FinTech,Onsite,2026-04-26,CAND0325,"R, Docker, AWS, Kubernetes, Azure, Linux, Python",Microsoft Power BI,Cloud Engineer
JOB0326,Data Engineer,InnoSoft Technologies,Pune,6,Any Graduate,Internship,10.4,14.4,"Python, SQL, Spark, AWS, Docker, ETL, Power BI, Excel","Critical Thinking, Teamwork, Analytical Thinking","Python, SQL","Kubernetes, React, Tableau",FinTech,Onsite,2026-09-24,CAND0326,"SQL, AWS, Excel, Spark",None,Data Analyst
JOB0327,Data Engineer,Vertex AI,Noida,7,Bachelor's Degree,Internship,9.6,11.5,"Python, SQL, Spark, AWS, Docker, ETL, Jira, R","Adaptability, Leadership, Collaboration","Python, SQL, R","React, Excel, Git",Telecom,Onsite,2026-05-31,CAND0327,"Python, Spark, Docker, AWS, R, ETL",Microsoft Power BI,Data Engineer
JOB0328,Data Engineer,DataSphere Analytics,Mumbai,3,Any Graduate,Internship,8.6,10.4,"Python, SQL, Spark, AWS, Docker, ETL, R, Java","Teamwork, Leadership, Time Management","Python, SQL, R, Java","AWS, Git, Spark",EdTech,Hybrid,2026-02-25,CAND0328,"Java, Docker, Spark",Microsoft Power BI,Data Engineer
JOB0329,AI Engineer,BlueOrbit Technologies,Delhi,2,Any Graduate,Contract,9.9,11.6,"Python, Machine Learning, Deep Learning, TensorFlow, PyTorch, NLP, Java, Kubernetes","Time Management, Analytical Thinking, Communication","Python, Java","Spark, React, Git",E-Commerce,Onsite,2026-03-17,CAND0329,"Java, PyTorch, NLP, Deep Learning, Kubernetes",Google Data Analytics,AI Engineer
JOB0330,Cloud Engineer,CodeCraft India,Delhi,2,Master's Degree,Contract,8.7,12.1,"AWS, Azure, Docker, Kubernetes, Linux, Python, Tableau, Git","Problem Solving, Teamwork, Leadership",Python,"Databricks, Excel, Power BI",Manufacturing,Onsite,2026-06-21,CAND0330,"Azure, Docker, Git, Kubernetes",None,AI Engineer
JOB0331,Software Developer,AlphaByte Labs,Mumbai,4,Any Graduate,Full-time,7.0,10.7,"Java, Python, SQL, Git, REST API, OOP, Kubernetes, JavaScript","Problem Solving, Time Management, Leadership","Java, Python, SQL, JavaScript","Azure, Git, React",Banking,Onsite,2026-02-07,CAND0331,"Kubernetes, Python, Git, JavaScript, Java",None,Software Developer
JOB0332,Software Developer,CloudPeak Systems,Noida,1,Bachelor's Degree,Contract,6.6,10.3,"Java, Python, SQL, Git, REST API, OOP, Docker, React","Leadership, Time Management, Collaboration","Java, Python, SQL","Azure, PyTorch, Excel",Banking,Remote,2026-01-11,CAND0332,"Git, Python, Docker, Java, OOP",Google Data Analytics,Software Developer
JOB0333,Cloud Engineer,InnoSoft Technologies,Mumbai,5,Any Graduate,Internship,8.8,12.9,"AWS, Azure, Docker, Kubernetes, Linux, Python, JavaScript, R","Leadership, Time Management, Adaptability","Python, JavaScript, R","AWS, PyTorch, Azure",IT Services,Remote,2026-08-08,CAND0333,"Kubernetes, Azure, Linux, R",AWS Certified,Business Analyst
JOB0334,ML Engineer,Quantix Systems,Gurugram,5,Master's Degree,Contract,10.7,14.6,"Python, Machine Learning, TensorFlow, PyTorch, Docker, SQL, C++, Azure","Time Management, Adaptability, Analytical Thinking","Python, SQL, C++","Databricks, Excel, React",IT Services,Onsite,2026-07-11,CAND0334,"Machine Learning, Azure, Docker, PyTorch, TensorFlow, C++, SQL",Google Data Analytics,ML Engineer
JOB0335,Software Developer,AlphaByte Labs,Hyderabad,3,Any Graduate,Full-time,6.7,10.9,"Java, Python, SQL, Git, REST API, OOP, JavaScript, Kubernetes","Critical Thinking, Analytical Thinking, Leadership","Java, Python, SQL, JavaScript","Kubernetes, Databricks, Docker",Consulting,Hybrid,2026-09-23,CAND0335,"SQL, JavaScript, Kubernetes, OOP, Java, Git, REST API",Microsoft Power BI,Web Developer
JOB0336,Business Analyst,InnoSoft Technologies,Pune,0,Bachelor's Degree,Full-time,5.0,7.3,"Excel, SQL, Power BI, Tableau, Communication, Requirements Analysis, Git, Python","Analytical Thinking, Communication, Time Management","SQL, Python","Azure, PyTorch, Databricks",Banking,Hybrid,2026-05-22,CAND0336,"Requirements Analysis, Excel, Power BI",AWS Certified,Business Analyst
JOB0337,Web Developer,BlueOrbit Technologies,Ahmedabad,10,B.Tech/B.E.,Contract,9.5,13.2,"HTML, CSS, JavaScript, React, Git, REST API, Docker, TensorFlow","Leadership, Collaboration, Analytical Thinking",JavaScript,"Jenkins, Azure, Kubernetes",Healthcare,Remote,2026-01-07,CAND0337,"HTML, Docker, JavaScript, REST API, Git",Azure Fundamentals,Data Engineer
JOB0338,Cloud Engineer,Quantix Systems,Mumbai,6,BCA/MCA,Full-time,9.6,11.4,"AWS, Azure, Docker, Kubernetes, Linux, Python, R, SQL","Problem Solving, Time Management, Analytical Thinking","Python, R, SQL","Power BI, Kubernetes, Excel",Banking,Hybrid,2026-08-19,CAND0338,"R, SQL, Python, Kubernetes",Google Data Analytics,Software Developer
JOB0339,Data Engineer,CodeCraft India,Kolkata,6,Any Graduate,Internship,10.2,13.8,"Python, SQL, Spark, AWS, Docker, ETL, JavaScript, Jira","Adaptability, Collaboration, Teamwork","Python, SQL, JavaScript","Docker, Tableau, Spark",Consulting,Onsite,2026-06-19,CAND0339,"ETL, Docker, Python, JavaScript, Jira",Microsoft Power BI,Data Engineer
JOB0340,Data Scientist,NextGen Digital,Hyderabad,5,B.Tech/B.E.,Contract,9.6,11.6,"Python, SQL, Machine Learning, Pandas, NumPy, Statistics, Git, Databricks","Collaboration, Teamwork, Leadership","Python, SQL","Power BI, PyTorch, Spark",IT Services,Onsite,2026-07-17,CAND0340,"Machine Learning, Python, Statistics, NumPy, Pandas, Git, Databricks",AWS Certified,Data Scientist
JOB0341,Data Engineer,Vertex AI,Gurugram,10,B.Tech/B.E.,Internship,11.1,13.9,"Python, SQL, Spark, AWS, Docker, ETL, Java, Azure","Time Management, Leadership, Collaboration","Python, SQL, Java","Jenkins, Git, Kubernetes",EdTech,Onsite,2026-06-08,CAND0341,"Java, Azure, SQL",None,Data Engineer
JOB0342,ML Engineer,AlphaByte Labs,Delhi,6,Master's Degree,Internship,10.9,13.1,"Python, Machine Learning, TensorFlow, PyTorch, Docker, SQL, R, Tableau","Problem Solving, Adaptability, Teamwork","Python, SQL, R","AWS, React, Jenkins",Consulting,Hybrid,2026-08-22,CAND0342,"Tableau, PyTorch, R, Docker, Python",Microsoft Power BI,Data Scientist
JOB0343,ML Engineer,Vertex AI,Ahmedabad,5,Bachelor's Degree,Contract,9.7,13.9,"Python, Machine Learning, TensorFlow, PyTorch, Docker, SQL, Azure, React","Teamwork, Collaboration, Time Management","Python, SQL","Excel, Databricks, PyTorch",Consulting,Hybrid,2026-09-10,CAND0343,"Docker, SQL, React, TensorFlow",Google Data Analytics,ML Engineer
JOB0344,Web Developer,DataSphere Analytics,Bengaluru,0,BCA/MCA,Internship,3.9,7.3,"HTML, CSS, JavaScript, React, Git, REST API, Docker, R","Critical Thinking, Collaboration, Leadership","JavaScript, R","Tableau, Databricks, Spark",Healthcare,Remote,2026-05-09,CAND0344,"Docker, JavaScript, REST API, React, CSS, Git",Microsoft Power BI,Web Developer
JOB0345,ML Engineer,BlueOrbit Technologies,Chennai,2,B.Tech/B.E.,Full-time,8.5,12.5,"Python, Machine Learning, TensorFlow, PyTorch, Docker, SQL, C++, JavaScript","Communication, Leadership, Critical Thinking","Python, SQL, C++, JavaScript","Jenkins, Power BI, Git",Retail,Remote,2026-03-20,CAND0345,"Machine Learning, JavaScript, TensorFlow, Python, PyTorch, Docker, SQL",IBM Data Science,Data Analyst
JOB0346,Data Scientist,TechNova Solutions,Chennai,3,B.Tech/B.E.,Internship,9.1,10.7,"Python, SQL, Machine Learning, Pandas, NumPy, Statistics, Excel, React","Teamwork, Leadership, Communication","Python, SQL","Excel, Jira, Git",E-Commerce,Remote,2026-01-15,CAND0346,"Pandas, SQL, Machine Learning, Excel, NumPy, Python",Google Data Analytics,Data Analyst
JOB0347,Data Analyst,DataSphere Analytics,Chennai,1,BCA/MCA,Full-time,4.8,8.0,"Python, SQL, Excel, Power BI, Tableau, Statistics, JavaScript, Git","Communication, Adaptability, Analytical Thinking","Python, SQL, JavaScript","PyTorch, Power BI, Docker",Healthcare,Hybrid,2026-04-20,CAND0347,"Power BI, Tableau, Git, Statistics",Google Data Analytics,Data Analyst
JOB0348,Data Scientist,CloudPeak Systems,Chennai,0,B.Tech/B.E.,Internship,8.1,10.8,"Python, SQL, Machine Learning, Pandas, NumPy, Statistics, Spark, Jenkins","Analytical Thinking, Critical Thinking, Communication","Python, SQL","PyTorch, Power BI, React",Telecom,Hybrid,2026-07-18,CAND0348,"Jenkins, Python, Statistics, NumPy, SQL, Pandas, Spark",Microsoft Power BI,DevOps Engineer
JOB0349,Cloud Engineer,BlueOrbit Technologies,Delhi,4,B.Tech/B.E.,Full-time,9.6,11.8,"AWS, Azure, Docker, Kubernetes, Linux, Python, Jenkins, Excel","Adaptability, Leadership, Analytical Thinking",Python,"Power BI, Azure, Jenkins",Telecom,Hybrid,2026-07-11,CAND0349,"Azure, Docker, Excel, Kubernetes, Python, Jenkins, AWS",IBM Data Science,Cloud Engineer
JOB0350,Business Analyst,InnoSoft Technologies,Hyderabad,2,Any Graduate,Contract,6.4,8.0,"Excel, SQL, Power BI, Tableau, Communication, Requirements Analysis, Docker, Git","Collaboration, Analytical Thinking, Teamwork",SQL,"Kubernetes, Git, Power BI",FinTech,Hybrid,2026-01-28,CAND0350,"Communication, Docker, Excel, SQL, Power BI, Git",None,Business Analyst
JOB0351,Software Developer,InnoSoft Technologies,Noida,8,B.Tech/B.E.,Internship,8.7,10.7,"Java, Python, SQL, Git, REST API, OOP, Tableau, TensorFlow","Leadership, Time Management, Problem Solving","Java, Python, SQL","React, Kubernetes, Git",Healthcare,Hybrid,2026-04-12,CAND0351,"Git, Python, REST API, Java, TensorFlow, SQL, Tableau",Microsoft Power BI,Software Developer
JOB0352,Data Scientist,Quantix Systems,Bengaluru,3,BCA/MCA,Contract,8.9,11.7,"Python, SQL, Machine Learning, Pandas, NumPy, Statistics, Jenkins, Excel","Critical Thinking, Time Management, Leadership","Python, SQL","TensorFlow, Docker, Spark",Telecom,Hybrid,2026-03-20,CAND0352,"Jenkins, Excel, SQL, Pandas, Python, Statistics, Machine Learning",None,Data Scientist
JOB0353,Business Analyst,CodeCraft India,Pune,1,Master's Degree,Full-time,6.1,7.6,"Excel, SQL, Power BI, Tableau, Communication, Requirements Analysis, Docker, R","Teamwork, Adaptability, Time Management","SQL, R","AWS, Azure, Excel",Consulting,Hybrid,2026-06-07,CAND0353,"Requirements Analysis, Tableau, Docker, R, Communication, Power BI, SQL",IBM Data Science,Data Engineer
JOB0354,Business Analyst,NextGen Digital,Kolkata,5,Master's Degree,Internship,7.2,8.9,"Excel, SQL, Power BI, Tableau, Communication, Requirements Analysis, C++, R","Problem Solving, Time Management, Teamwork","SQL, C++, R","React, Databricks, Git",E-Commerce,Onsite,2026-03-17,CAND0354,"C++, Requirements Analysis, SQL, R, Tableau, Excel",None,Business Analyst
JOB0355,Data Scientist,Vertex AI,Pune,5,Bachelor's Degree,Internship,10.5,12.2,"Python, SQL, Machine Learning, Pandas, NumPy, Statistics, Excel, C++","Analytical Thinking, Problem Solving, Critical Thinking","Python, SQL, C++","Jenkins, Azure, Databricks",Consulting,Remote,2026-06-07,CAND0355,"Excel, SQL, Pandas, Machine Learning",AWS Certified,Web Developer
JOB0356,Data Analyst,InnoSoft Technologies,Gurugram,3,B.Tech/B.E.,Internship,5.4,9.2,"Python, SQL, Excel, Power BI, Tableau, Statistics, Kubernetes, JavaScript","Teamwork, Critical Thinking, Time Management","Python, SQL, JavaScript","Jira, Azure, AWS",Healthcare,Onsite,2026-03-10,CAND0356,"Kubernetes, Statistics, Excel, Power BI, SQL, Python",IBM Data Science,Data Analyst
JOB0357,ML Engineer,DataSphere Analytics,Chennai,10,Bachelor's Degree,Internship,13.1,15.9,"Python, Machine Learning, TensorFlow, PyTorch, Docker, SQL, React, Kubernetes","Leadership, Critical Thinking, Collaboration","Python, SQL","Git, Excel, Tableau",IT Services,Onsite,2026-05-22,CAND0357,"Machine Learning, React, SQL, Kubernetes, Python, Docker, PyTorch",AWS Certified,ML Engineer
JOB0358,Data Analyst,AlphaByte Labs,Noida,2,Master's Degree,Internship,5.9,8.5,"Python, SQL, Excel, Power BI, Tableau, Statistics, Azure, C++","Communication, Analytical Thinking, Adaptability","Python, SQL, C++","PyTorch, Excel, Tableau",IT Services,Hybrid,2026-05-03,CAND0358,"Tableau, Power BI, Azure, Excel, Statistics, SQL, C++",IBM Data Science,Business Analyst
JOB0359,Data Engineer,TechNova Solutions,Chennai,4,Bachelor's Degree,Internship,9.4,11.7,"Python, SQL, Spark, AWS, Docker, ETL, PyTorch, Power BI","Analytical Thinking, Communication, Adaptability","Python, SQL","Jenkins, PyTorch, Git",Manufacturing,Onsite,2026-04-07,CAND0359,"ETL, AWS, Docker, PyTorch",Azure Fundamentals,Cloud Engineer
JOB0360,AI Engineer,BlueOrbit Technologies,Pune,2,BCA/MCA,Internship,10.1,14.4,"Python, Machine Learning, Deep Learning, TensorFlow, PyTorch, NLP, Databricks, AWS","Collaboration, Critical Thinking, Teamwork",Python,"Databricks, Kubernetes, Tableau",Manufacturing,Remote,2026-03-07,CAND0360,"Machine Learning, NLP, TensorFlow, Deep Learning, AWS, PyTorch",Azure Fundamentals,AI Engineer
JOB0361,Software Developer,NextGen Digital,Hyderabad,1,BCA/MCA,Internship,6.7,10.3,"Java, Python, SQL, Git, REST API, OOP, Kubernetes, Docker","Critical Thinking, Teamwork, Analytical Thinking","Java, Python, SQL","AWS, Spark, Git",Manufacturing,Onsite,2026-07-16,CAND0361,"Kubernetes, OOP, Java",IBM Data Science,ML Engineer
JOB0362,Business Analyst,DataSphere Analytics,Chennai,5,Any Graduate,Full-time,7.2,10.9,"Excel, SQL, Power BI, Tableau, Communication, Requirements Analysis, React, TensorFlow","Teamwork, Analytical Thinking, Collaboration",SQL,"Jira, PyTorch, Docker",Telecom,Remote,2026-02-27,CAND0362,"React, TensorFlow, SQL, Requirements Analysis, Power BI, Excel",None,Business Analyst
JOB0363,Web Developer,Quantix Systems,Gurugram,7,BCA/MCA,Full-time,8.4,10.9,"HTML, CSS, JavaScript, React, Git, REST API, Tableau, Docker","Time Management, Leadership, Critical Thinking",JavaScript,"Git, Kubernetes, AWS",Telecom,Hybrid,2026-01-05,CAND0363,"JavaScript, Git, REST API, Tableau, CSS",Google Data Analytics,Data Scientist
JOB0364,Data Analyst,InnoSoft Technologies,Hyderabad,4,Bachelor's Degree,Full-time,6.7,9.0,"Python, SQL, Excel, Power BI, Tableau, Statistics, Jira, Docker","Critical Thinking, Adaptability, Problem Solving","Python, SQL","Jira, Git, AWS",IT Services,Remote,2026-03-20,CAND0364,"Docker, Statistics, SQL, Power BI, Excel, Tableau, Jira",Microsoft Power BI,Data Analyst
JOB0365,Business Analyst,BlueOrbit Technologies,Bengaluru,10,Any Graduate,Full-time,10.0,12.7,"Excel, SQL, Power BI, Tableau, Communication, Requirements Analysis, Java, R","Critical Thinking, Collaboration, Problem Solving","SQL, Java, R","Databricks, AWS, Azure",Healthcare,Remote,2026-06-05,CAND0365,"Communication, Power BI, Requirements Analysis, SQL, Tableau, Excel, Java",Google Data Analytics,Business Analyst
JOB0366,Data Analyst,BlueOrbit Technologies,Bengaluru,7,Bachelor's Degree,Full-time,7.2,11.1,"Python, SQL, Excel, Power BI, Tableau, Statistics, Databricks, C++","Collaboration, Analytical Thinking, Time Management","Python, SQL, C++","Docker, AWS, Git",Consulting,Onsite,2026-07-02,CAND0366,"Databricks, Power BI, Statistics, SQL",None,Data Analyst
JOB0367,Data Scientist,DataSphere Analytics,Pune,3,Bachelor's Degree,Full-time,9.2,13.6,"Python, SQL, Machine Learning, Pandas, NumPy, Statistics, Kubernetes, Excel","Critical Thinking, Leadership, Communication","Python, SQL","React, Databricks, Jira",Manufacturing,Hybrid,2026-01-06,CAND0367,"SQL, Kubernetes, Pandas, Statistics, Machine Learning, NumPy",IBM Data Science,AI Engineer
JOB0368,Data Scientist,Quantix Systems,Ahmedabad,3,Any Graduate,Contract,9.6,13.2,"Python, SQL, Machine Learning, Pandas, NumPy, Statistics, C++, PyTorch","Teamwork, Collaboration, Adaptability","Python, SQL, C++","Excel, Azure, Git",FinTech,Onsite,2026-07-21,CAND0368,"Machine Learning, Python, PyTorch, C++, SQL",Azure Fundamentals,Data Scientist
JOB0369,ML Engineer,Quantix Systems,Bengaluru,3,Master's Degree,Internship,9.2,10.8,"Python, Machine Learning, TensorFlow, PyTorch, Docker, SQL, Power BI, Jenkins","Communication, Leadership, Problem Solving","Python, SQL","Power BI, Spark, Excel",EdTech,Remote,2026-07-06,CAND0369,"PyTorch, SQL, Machine Learning, Python, TensorFlow, Docker, Jenkins",Azure Fundamentals,Data Scientist
JOB0370,AI Engineer,NextGen Digital,Hyderabad,5,B.Tech/B.E.,Internship,10.9,15.4,"Python, Machine Learning, Deep Learning, TensorFlow, PyTorch, NLP, Docker, JavaScript","Collaboration, Leadership, Time Management","Python, JavaScript","PyTorch, TensorFlow, AWS",Telecom,Hybrid,2026-03-14,CAND0370,"TensorFlow, NLP, Python, Docker, Machine Learning",None,AI Engineer
JOB0371,Cloud Engineer,NextGen Digital,Hyderabad,3,BCA/MCA,Internship,9.0,11.7,"AWS, Azure, Docker, Kubernetes, Linux, Python, Excel, Spark","Collaboration, Problem Solving, Leadership",Python,"Jira, AWS, PyTorch",Consulting,Hybrid,2026-02-06,CAND0371,"Linux, Python, Kubernetes",None,Cloud Engineer
JOB0372,DevOps Engineer,NextGen Digital,Mumbai,2,Bachelor's Degree,Contract,8.0,11.6,"Linux, Docker, Kubernetes, AWS, Git, CI/CD, Jenkins, Azure","Leadership, Adaptability, Communication",Python,"AWS, Spark, Jenkins",EdTech,Remote,2026-04-26,CAND0372,"Docker, Kubernetes, CI/CD, Linux, Jenkins, Azure",Microsoft Power BI,DevOps Engineer
JOB0373,Data Scientist,CodeCraft India,Bengaluru,5,BCA/MCA,Full-time,10.4,13.6,"Python, SQL, Machine Learning, Pandas, NumPy, Statistics, JavaScript, Jenkins","Collaboration, Problem Solving, Analytical Thinking","Python, SQL, JavaScript","AWS, Databricks, Docker",Telecom,Remote,2026-09-02,CAND0373,"SQL, Python, Jenkins, Machine Learning, Pandas, JavaScript, Statistics",AWS Certified,Cloud Engineer
JOB0374,Data Analyst,DataSphere Analytics,Delhi,6,Master's Degree,Contract,7.5,10.3,"Python, SQL, Excel, Power BI, Tableau, Statistics, Databricks, C++","Teamwork, Collaboration, Communication","Python, SQL, C++","Jenkins, Azure, Tableau",E-Commerce,Remote,2026-06-06,CAND0374,"Excel, Power BI, C++, Databricks, Statistics, SQL",None,Data Analyst
JOB0375,Data Scientist,Vertex AI,Ahmedabad,8,BCA/MCA,Full-time,11.6,13.1,"Python, SQL, Machine Learning, Pandas, NumPy, Statistics, React, R","Collaboration, Communication, Time Management","Python, SQL, R","Kubernetes, AWS, Git",Retail,Onsite,2026-01-04,CAND0375,"Machine Learning, Pandas, React, NumPy, Python, SQL",Google Data Analytics,Data Scientist
JOB0376,Data Scientist,BlueOrbit Technologies,Delhi,4,BCA/MCA,Full-time,10.0,12.8,"Python, SQL, Machine Learning, Pandas, NumPy, Statistics, Jenkins, TensorFlow","Communication, Adaptability, Teamwork","Python, SQL","Databricks, TensorFlow, Git",Retail,Onsite,2026-06-03,CAND0376,"Machine Learning, TensorFlow, Python, Jenkins, SQL, NumPy",Microsoft Power BI,Data Scientist
JOB0377,DevOps Engineer,Vertex AI,Gurugram,3,B.Tech/B.E.,Full-time,8.6,11.1,"Linux, Docker, Kubernetes, AWS, Git, CI/CD, R, Tableau","Collaboration, Problem Solving, Leadership",R,"Tableau, Kubernetes, Power BI",E-Commerce,Remote,2026-02-21,CAND0377,"Docker, Linux, Kubernetes, Tableau, AWS",AWS Certified,DevOps Engineer
JOB0378,Software Developer,InnoSoft Technologies,Pune,3,B.Tech/B.E.,Contract,6.8,11.0,"Java, Python, SQL, Git, REST API, OOP, R, Jira","Communication, Problem Solving, Leadership","Java, Python, SQL, R","Docker, Jenkins, PyTorch",IT Services,Onsite,2026-07-03,CAND0378,"REST API, Java, Git, OOP, Python, R, Jira",IBM Data Science,Software Developer
JOB0379,Software Developer,DataSphere Analytics,Mumbai,1,B.Tech/B.E.,Full-time,6.0,9.0,"Java, Python, SQL, Git, REST API, OOP, R, Spark","Analytical Thinking, Communication, Adaptability","Java, Python, SQL, R","Git, Azure, Power BI",Banking,Hybrid,2026-02-26,CAND0379,"OOP, R, Git, REST API",Azure Fundamentals,Software Developer
JOB0380,Data Analyst,NextGen Digital,Hyderabad,2,Master's Degree,Full-time,5.5,9.3,"Python, SQL, Excel, Power BI, Tableau, Statistics, JavaScript, React","Critical Thinking, Teamwork, Analytical Thinking","Python, SQL, JavaScript","Jenkins, Spark, React",E-Commerce,Onsite,2026-02-28,CAND0380,"Excel, Statistics, Tableau, SQL",Azure Fundamentals,Software Developer
JOB0381,ML Engineer,Vertex AI,Ahmedabad,1,BCA/MCA,Internship,7.9,12.4,"Python, Machine Learning, TensorFlow, PyTorch, Docker, SQL, Git, Tableau","Leadership, Collaboration, Problem Solving","Python, SQL","Docker, Kubernetes, Power BI",Retail,Hybrid,2026-07-14,CAND0381,"Git, Python, Docker, Machine Learning",IBM Data Science,ML Engineer
JOB0382,Data Analyst,NextGen Digital,Gurugram,2,BCA/MCA,Internship,5.2,7.8,"Python, SQL, Excel, Power BI, Tableau, Statistics, Jenkins, Azure","Teamwork, Adaptability, Collaboration","Python, SQL","TensorFlow, Kubernetes, PyTorch",Banking,Hybrid,2026-04-19,CAND0382,"Power BI, Excel, Python, SQL, Statistics, Azure",None,Data Analyst
JOB0383,Data Scientist,DataSphere Analytics,Bengaluru,6,Any Graduate,Full-time,9.8,12.4,"Python, SQL, Machine Learning, Pandas, NumPy, Statistics, Power BI, R","Communication, Leadership, Teamwork","Python, SQL, R","Jenkins, Kubernetes, Tableau",FinTech,Remote,2026-02-14,CAND0383,"Statistics, SQL, R, Machine Learning, Power BI",Azure Fundamentals,DevOps Engineer
JOB0384,Business Analyst,AlphaByte Labs,Gurugram,10,Bachelor's Degree,Contract,9.2,12.9,"Excel, SQL, Power BI, Tableau, Communication, Requirements Analysis, Jenkins, R","Teamwork, Critical Thinking, Leadership","SQL, R","Spark, Databricks, Excel",IT Services,Onsite,2026-06-27,CAND0384,"Power BI, SQL, Tableau",Azure Fundamentals,Cloud Engineer
JOB0385,Web Developer,BlueOrbit Technologies,Ahmedabad,0,Master's Degree,Internship,4.7,8.6,"HTML, CSS, JavaScript, React, Git, REST API, TensorFlow, Jenkins","Adaptability, Collaboration, Time Management",JavaScript,"TensorFlow, Azure, AWS",IT Services,Onsite,2026-03-26,CAND0385,"TensorFlow, React, REST API, Git",Azure Fundamentals,Web Developer
JOB0386,Software Developer,TechNova Solutions,Ahmedabad,4,B.Tech/B.E.,Contract,7.7,10.0,"Java, Python, SQL, Git, REST API, OOP, Power BI, JavaScript","Communication, Problem Solving, Critical Thinking","Java, Python, SQL, JavaScript","Databricks, AWS, TensorFlow",IT Services,Remote,2026-04-25,CAND0386,"REST API, OOP, SQL, JavaScript",Google Data Analytics,Software Developer
JOB0387,Software Developer,TechNova Solutions,Mumbai,5,BCA/MCA,Full-time,8.0,12.4,"Java, Python, SQL, Git, REST API, OOP, Azure, Power BI","Time Management, Problem Solving, Critical Thinking","Java, Python, SQL","Power BI, Spark, Git",Telecom,Onsite,2026-06-16,CAND0387,"Python, OOP, REST API, SQL, Power BI",IBM Data Science,Data Engineer
JOB0388,Data Engineer,AlphaByte Labs,Bengaluru,4,Master's Degree,Full-time,9.0,11.1,"Python, SQL, Spark, AWS, Docker, ETL, Jenkins, JavaScript","Critical Thinking, Problem Solving, Leadership","Python, SQL, JavaScript","AWS, Jira, Databricks",Healthcare,Remote,2026-08-11,CAND0388,"AWS, Spark, Jenkins, SQL, JavaScript, Python",Microsoft Power BI,Data Engineer
JOB0389,ML Engineer,TechNova Solutions,Kolkata,2,Bachelor's Degree,Contract,9.5,13.5,"Python, Machine Learning, TensorFlow, PyTorch, Docker, SQL, Excel, Power BI","Adaptability, Communication, Critical Thinking","Python, SQL","Jira, Power BI, Excel",IT Services,Onsite,2026-03-12,CAND0389,"PyTorch, Python, Machine Learning, Excel, Power BI, Docker, SQL",Google Data Analytics,ML Engineer
JOB0390,Data Scientist,CloudPeak Systems,Gurugram,8,Any Graduate,Contract,11.3,15.2,"Python, SQL, Machine Learning, Pandas, NumPy, Statistics, Spark, TensorFlow","Problem Solving, Time Management, Collaboration","Python, SQL","Kubernetes, AWS, Azure",IT Services,Remote,2026-04-14,CAND0390,"SQL, NumPy, Statistics",IBM Data Science,Data Scientist
JOB0391,Web Developer,Vertex AI,Noida,0,B.Tech/B.E.,Contract,4.0,7.1,"HTML, CSS, JavaScript, React, Git, REST API, C++, Azure","Time Management, Leadership, Analytical Thinking","JavaScript, C++","Docker, Git, Jenkins",FinTech,Hybrid,2026-04-27,CAND0391,"C++, CSS, HTML",Google Data Analytics,Web Developer
JOB0392,Data Scientist,CodeCraft India,Bengaluru,10,Master's Degree,Full-time,11.8,13.5,"Python, SQL, Machine Learning, Pandas, NumPy, Statistics, Kubernetes, Azure","Time Management, Collaboration, Problem Solving","Python, SQL","Databricks, Tableau, TensorFlow",Manufacturing,Remote,2026-06-21,CAND0392,"SQL, Machine Learning, Python, Statistics, Azure",AWS Certified,ML Engineer
JOB0393,Web Developer,CodeCraft India,Noida,7,BCA/MCA,Full-time,8.4,12.2,"HTML, CSS, JavaScript, React, Git, REST API, AWS, Power BI","Teamwork, Analytical Thinking, Collaboration",JavaScript,"AWS, Excel, Docker",Banking,Hybrid,2026-02-27,CAND0393,"REST API, CSS, React, Power BI",Microsoft Power BI,Web Developer
JOB0394,Data Engineer,Vertex AI,Pune,10,Any Graduate,Internship,11.7,15.1,"Python, SQL, Spark, AWS, Docker, ETL, C++, Databricks","Adaptability, Leadership, Analytical Thinking","Python, SQL, C++","Tableau, Azure, PyTorch",IT Services,Onsite,2026-04-28,CAND0394,"AWS, Databricks, C++, Docker",None,AI Engineer
JOB0395,Business Analyst,InnoSoft Technologies,Mumbai,8,B.Tech/B.E.,Full-time,8.1,10.6,"Excel, SQL, Power BI, Tableau, Communication, Requirements Analysis, R, Docker","Problem Solving, Adaptability, Analytical Thinking","SQL, R","Power BI, Jenkins, Docker",Banking,Onsite,2026-04-18,CAND0395,"Communication, Tableau, SQL, Docker",IBM Data Science,Business Analyst
JOB0396,Data Scientist,CloudPeak Systems,Bengaluru,3,Master's Degree,Internship,9.1,11.1,"Python, SQL, Machine Learning, Pandas, NumPy, Statistics, C++, AWS","Problem Solving, Time Management, Leadership","Python, SQL, C++","Docker, Jenkins, PyTorch",Manufacturing,Remote,2026-08-02,CAND0396,"Statistics, SQL, Python, C++",IBM Data Science,Data Scientist
JOB0397,Data Analyst,NextGen Digital,Hyderabad,1,Master's Degree,Full-time,5.6,7.2,"Python, SQL, Excel, Power BI, Tableau, Statistics, Jenkins, Azure","Time Management, Teamwork, Collaboration","Python, SQL","Docker, AWS, Jenkins",Healthcare,Hybrid,2026-09-14,CAND0397,"Excel, Python, Power BI, Statistics",Azure Fundamentals,AI Engineer
JOB0398,Data Analyst,TechNova Solutions,Chennai,1,Master's Degree,Full-time,5.4,8.6,"Python, SQL, Excel, Power BI, Tableau, Statistics, React, Spark","Time Management, Teamwork, Communication","Python, SQL","Tableau, PyTorch, React",Banking,Onsite,2026-03-26,CAND0398,"Spark, Power BI, Excel",Google Data Analytics,Data Engineer
JOB0399,Web Developer,CodeCraft India,Gurugram,0,Bachelor's Degree,Full-time,4.7,8.5,"HTML, CSS, JavaScript, React, Git, REST API, PyTorch, Azure","Analytical Thinking, Teamwork, Problem Solving",JavaScript,"Power BI, PyTorch, Excel",EdTech,Hybrid,2026-01-23,CAND0399,"React, Git, CSS, HTML, REST API",Azure Fundamentals,Web Developer
JOB0400,Software Developer,CloudPeak Systems,Mumbai,5,Any Graduate,Contract,8.5,12.1,"Java, Python, SQL, Git, REST API, OOP, Jenkins, Jira","Critical Thinking, Communication, Problem Solving","Java, Python, SQL","AWS, Databricks, Git",Manufacturing,Onsite,2026-09-15,CAND0400,"OOP, Git, Jira",IBM Data Science,Software Developer
JOB0401,Data Scientist,TechNova Solutions,Noida,6,B.Tech/B.E.,Full-time,10.5,14.3,"Python, SQL, Machine Learning, Pandas, NumPy, Statistics, Kubernetes, Docker","Teamwork, Problem Solving, Time Management","Python, SQL","Git, Kubernetes, Tableau",IT Services,Onsite,2026-08-09,CAND0401,"Statistics, Pandas, SQL, Machine Learning",AWS Certified,Web Developer
JOB0402,Cloud Engineer,CloudPeak Systems,Gurugram,1,BCA/MCA,Contract,7.3,11.6,"AWS, Azure, Docker, Kubernetes, Linux, Python, TensorFlow, Jenkins","Time Management, Critical Thinking, Analytical Thinking",Python,"Databricks, AWS, Tableau",Telecom,Hybrid,2026-02-06,CAND0402,"Azure, Docker, Linux, TensorFlow",None,Cloud Engineer
JOB0403,Business Analyst,TechNova Solutions,Kolkata,3,Bachelor's Degree,Internship,6.6,10.1,"Excel, SQL, Power BI, Tableau, Communication, Requirements Analysis, Jenkins, Python","Leadership, Communication, Teamwork","SQL, Python","Jira, Tableau, TensorFlow",Consulting,Onsite,2026-05-15,CAND0403,"Requirements Analysis, Communication, Jenkins, Power BI, Python, Excel",Azure Fundamentals,Data Engineer
JOB0404,Data Engineer,Vertex AI,Hyderabad,3,Master's Degree,Contract,8.4,10.2,"Python, SQL, Spark, AWS, Docker, ETL, Azure, TensorFlow","Teamwork, Analytical Thinking, Problem Solving","Python, SQL","React, Kubernetes, Azure",Manufacturing,Onsite,2026-07-23,CAND0404,"TensorFlow, ETL, Docker, AWS, Python, Azure",AWS Certified,Data Engineer
JOB0405,AI Engineer,TechNova Solutions,Noida,8,BCA/MCA,Contract,11.7,13.8,"Python, Machine Learning, Deep Learning, TensorFlow, PyTorch, NLP, Tableau, Docker","Problem Solving, Teamwork, Critical Thinking",Python,"Tableau, TensorFlow, Docker",FinTech,Hybrid,2026-04-19,CAND0405,"Python, PyTorch, TensorFlow, Docker, Deep Learning, Machine Learning, NLP",IBM Data Science,AI Engineer
JOB0406,AI Engineer,AlphaByte Labs,Noida,2,Master's Degree,Contract,10.1,12.2,"Python, Machine Learning, Deep Learning, TensorFlow, PyTorch, NLP, SQL, R","Collaboration, Problem Solving, Analytical Thinking","Python, SQL, R","Docker, PyTorch, Jenkins",Telecom,Hybrid,2026-04-12,CAND0406,"Machine Learning, TensorFlow, Deep Learning",None,AI Engineer
JOB0407,Cloud Engineer,NextGen Digital,Ahmedabad,5,Bachelor's Degree,Contract,9.5,11.4,"AWS, Azure, Docker, Kubernetes, Linux, Python, Git, Tableau","Problem Solving, Critical Thinking, Analytical Thinking",Python,"React, Tableau, Power BI",Healthcare,Remote,2026-07-28,CAND0407,"AWS, Azure, Kubernetes, Git, Python",Google Data Analytics,Cloud Engineer
JOB0408,Data Engineer,Vertex AI,Chennai,3,BCA/MCA,Internship,8.2,12.6,"Python, SQL, Spark, AWS, Docker, ETL, Kubernetes, Excel","Adaptability, Analytical Thinking, Communication","Python, SQL","Databricks, AWS, Kubernetes",Consulting,Hybrid,2026-07-31,CAND0408,"Python, Spark, Kubernetes, Excel, ETL, SQL, Docker",Google Data Analytics,AI Engineer
JOB0409,Cloud Engineer,DataSphere Analytics,Gurugram,3,Any Graduate,Internship,8.1,11.6,"AWS, Azure, Docker, Kubernetes, Linux, Python, React, Excel","Teamwork, Critical Thinking, Time Management",Python,"React, Excel, Power BI",EdTech,Hybrid,2026-07-30,CAND0409,"Linux, Python, Excel, AWS, React, Kubernetes",Google Data Analytics,Cloud Engineer
JOB0410,Software Developer,NextGen Digital,Delhi,1,BCA/MCA,Contract,6.5,10.9,"Java, Python, SQL, Git, REST API, OOP, JavaScript, Jira","Adaptability, Leadership, Communication","Java, Python, SQL, JavaScript","Databricks, Docker, Power BI",IT Services,Onsite,2026-09-17,CAND0410,"Jira, Git, OOP, JavaScript, Java",Google Data Analytics,Software Developer
JOB0411,Business Analyst,Vertex AI,Bengaluru,2,Master's Degree,Contract,6.6,11.1,"Excel, SQL, Power BI, Tableau, Communication, Requirements Analysis, C++, Jira","Collaboration, Problem Solving, Leadership","SQL, C++","Azure, Tableau, Jenkins",E-Commerce,Remote,2026-03-07,CAND0411,"C++, SQL, Communication, Tableau",None,Data Analyst
JOB0412,DevOps Engineer,CodeCraft India,Ahmedabad,7,Bachelor's Degree,Internship,9.8,12.3,"Linux, Docker, Kubernetes, AWS, Git, CI/CD, SQL, Excel","Adaptability, Communication, Analytical Thinking",SQL,"Jenkins, AWS, Kubernetes",Banking,Onsite,2026-01-15,CAND0412,"Docker, Linux, AWS",Google Data Analytics,DevOps Engineer
JOB0413,Software Developer,BlueOrbit Technologies,Kolkata,4,Bachelor's Degree,Full-time,7.0,10.8,"Java, Python, SQL, Git, REST API, OOP, React, Docker","Problem Solving, Time Management, Collaboration","Java, Python, SQL","Databricks, AWS, Tableau",FinTech,Hybrid,2026-02-26,CAND0413,"REST API, OOP, Java, SQL, React, Git",AWS Certified,Software Developer
JOB0414,Software Developer,CloudPeak Systems,Bengaluru,3,BCA/MCA,Full-time,6.3,8.0,"Java, Python, SQL, Git, REST API, OOP, Jira, Azure","Problem Solving, Communication, Critical Thinking","Java, Python, SQL","PyTorch, Databricks, Kubernetes",Telecom,Remote,2026-08-19,CAND0414,"Git, OOP, Azure",Azure Fundamentals,Data Engineer
JOB0415,Data Analyst,DataSphere Analytics,Hyderabad,6,Bachelor's Degree,Contract,7.9,10.0,"Python, SQL, Excel, Power BI, Tableau, Statistics, Kubernetes, Git","Problem Solving, Leadership, Communication","Python, SQL","Jenkins, Databricks, AWS",EdTech,Hybrid,2026-07-06,CAND0415,"Python, Tableau, Kubernetes",Microsoft Power BI,Data Analyst
JOB0416,Software Developer,DataSphere Analytics,Kolkata,5,Any Graduate,Contract,8.1,11.0,"Java, Python, SQL, Git, REST API, OOP, AWS, Excel","Problem Solving, Leadership, Analytical Thinking","Java, Python, SQL","Kubernetes, Docker, Databricks",Consulting,Remote,2026-07-21,CAND0416,"AWS, REST API, Git, Python, SQL, Java",IBM Data Science,Software Developer
JOB0417,Web Developer,CodeCraft India,Ahmedabad,4,BCA/MCA,Contract,6.3,9.5,"HTML, CSS, JavaScript, React, Git, REST API, Excel, Azure","Communication, Teamwork, Critical Thinking",JavaScript,"Excel, PyTorch, Docker",E-Commerce,Hybrid,2026-05-31,CAND0417,"CSS, React, Azure, HTML, JavaScript",Google Data Analytics,DevOps Engineer
JOB0418,Data Scientist,Quantix Systems,Pune,3,Master's Degree,Contract,9.3,11.2,"Python, SQL, Machine Learning, Pandas, NumPy, Statistics, Docker, Jenkins","Leadership, Collaboration, Communication","Python, SQL","Spark, TensorFlow, Jenkins",Telecom,Remote,2026-04-30,CAND0418,"Python, Statistics, Machine Learning, SQL, Pandas",None,DevOps Engineer
JOB0419,DevOps Engineer,CodeCraft India,Noida,2,B.Tech/B.E.,Internship,7.7,9.8,"Linux, Docker, Kubernetes, AWS, Git, CI/CD, Java, C++","Communication, Time Management, Collaboration","Java, C++","Git, Excel, React",IT Services,Hybrid,2026-06-17,CAND0419,"C++, Linux, Kubernetes, AWS, Java, Git",AWS Certified,DevOps Engineer
JOB0420,ML Engineer,AlphaByte Labs,Chennai,7,Master's Degree,Full-time,11.8,13.4,"Python, Machine Learning, TensorFlow, PyTorch, Docker, SQL, Java, Power BI","Collaboration, Analytical Thinking, Leadership","Python, SQL, Java","React, Power BI, Docker",EdTech,Remote,2026-05-21,CAND0420,"Machine Learning, PyTorch, Python",Microsoft Power BI,Data Engineer
JOB0421,AI Engineer,DataSphere Analytics,Hyderabad,8,BCA/MCA,Internship,11.6,13.8,"Python, Machine Learning, Deep Learning, TensorFlow, PyTorch, NLP, Azure, Jira","Communication, Collaboration, Problem Solving",Python,"Databricks, Excel, Power BI",FinTech,Onsite,2026-03-29,CAND0421,"Deep Learning, Python, Jira",AWS Certified,AI Engineer
JOB0422,Data Scientist,CodeCraft India,Noida,5,Master's Degree,Internship,10.3,12.9,"Python, SQL, Machine Learning, Pandas, NumPy, Statistics, Spark, Git","Teamwork, Leadership, Time Management","Python, SQL","Kubernetes, Git, Databricks",EdTech,Hybrid,2026-03-17,CAND0422,"Machine Learning, NumPy, Pandas, Python",IBM Data Science,ML Engineer
JOB0423,AI Engineer,InnoSoft Technologies,Gurugram,2,Master's Degree,Full-time,9.2,10.9,"Python, Machine Learning, Deep Learning, TensorFlow, PyTorch, NLP, React, AWS","Critical Thinking, Teamwork, Problem Solving",Python,"Azure, Jira, React",Retail,Remote,2026-01-07,CAND0423,"TensorFlow, NLP, React, Machine Learning, Python, AWS, PyTorch",AWS Certified,AI Engineer
JOB0424,Web Developer,NextGen Digital,Noida,7,B.Tech/B.E.,Internship,7.2,9.1,"HTML, CSS, JavaScript, React, Git, REST API, SQL, TensorFlow","Time Management, Teamwork, Critical Thinking","JavaScript, SQL","Kubernetes, Tableau, Jenkins",FinTech,Onsite,2026-02-05,CAND0424,"SQL, React, Git, REST API, CSS",None,Web Developer
JOB0425,AI Engineer,Quantix Systems,Noida,0,Any Graduate,Contract,8.8,11.7,"Python, Machine Learning, Deep Learning, TensorFlow, PyTorch, NLP, Kubernetes, Git","Communication, Critical Thinking, Problem Solving",Python,"PyTorch, Tableau, Power BI",Consulting,Remote,2026-07-23,CAND0425,"Machine Learning, PyTorch, Python, Deep Learning, TensorFlow",Microsoft Power BI,AI Engineer
JOB0426,Software Developer,TechNova Solutions,Kolkata,3,BCA/MCA,Full-time,7.1,10.2,"Java, Python, SQL, Git, REST API, OOP, React, Docker","Teamwork, Collaboration, Problem Solving","Java, Python, SQL","Azure, React, Jenkins",Consulting,Hybrid,2026-01-28,CAND0426,"React, Java, OOP, Docker, Python, REST API",Microsoft Power BI,Software Developer
JOB0427,Data Scientist,InnoSoft Technologies,Bengaluru,3,BCA/MCA,Internship,8.5,10.6,"Python, SQL, Machine Learning, Pandas, NumPy, Statistics, Kubernetes, Spark","Teamwork, Problem Solving, Collaboration","Python, SQL","PyTorch, Kubernetes, AWS",IT Services,Remote,2026-06-06,CAND0427,"NumPy, Statistics, Python, Kubernetes, SQL",Microsoft Power BI,Cloud Engineer
JOB0428,Data Engineer,BlueOrbit Technologies,Pune,1,Bachelor's Degree,Full-time,7.2,8.9,"Python, SQL, Spark, AWS, Docker, ETL, Jira, Power BI","Time Management, Leadership, Collaboration","Python, SQL","Spark, AWS, Excel",E-Commerce,Onsite,2026-05-07,CAND0428,"ETL, AWS, Docker",None,Data Analyst
JOB0429,Web Developer,NextGen Digital,Ahmedabad,3,Bachelor's Degree,Full-time,5.7,8.8,"HTML, CSS, JavaScript, React, Git, REST API, Excel, SQL","Adaptability, Leadership, Analytical Thinking","JavaScript, SQL","AWS, PyTorch, Kubernetes",IT Services,Onsite,2026-02-27,CAND0429,"Git, JavaScript, React, HTML, Excel, CSS",Azure Fundamentals,Business Analyst
JOB0430,Data Engineer,NextGen Digital,Chennai,6,BCA/MCA,Contract,9.4,13.8,"Python, SQL, Spark, AWS, Docker, ETL, Databricks, TensorFlow","Adaptability, Time Management, Problem Solving","Python, SQL","Azure, Power BI, React",Retail,Remote,2026-03-31,CAND0430,"Docker, ETL, Databricks",AWS Certified,Cloud Engineer
JOB0431,DevOps Engineer,NextGen Digital,Kolkata,6,Any Graduate,Internship,9.9,13.8,"Linux, Docker, Kubernetes, AWS, Git, CI/CD, TensorFlow, Java","Problem Solving, Time Management, Leadership",Java,"TensorFlow, Tableau, Excel",EdTech,Onsite,2026-09-25,CAND0431,"Git, Linux, TensorFlow, AWS, Docker",Microsoft Power BI,DevOps Engineer
JOB0432,Data Analyst,CloudPeak Systems,Chennai,6,BCA/MCA,Internship,6.8,9.8,"Python, SQL, Excel, Power BI, Tableau, Statistics, Spark, Docker","Collaboration, Problem Solving, Communication","Python, SQL","Jenkins, TensorFlow, AWS",Healthcare,Hybrid,2026-05-09,CAND0432,"Spark, Excel, Statistics",Azure Fundamentals,Data Analyst
JOB0433,Data Scientist,AlphaByte Labs,Kolkata,0,B.Tech/B.E.,Internship,8.2,10.4,"Python, SQL, Machine Learning, Pandas, NumPy, Statistics, React, Kubernetes","Leadership, Time Management, Teamwork","Python, SQL","Docker, Spark, Azure",EdTech,Hybrid,2026-08-12,CAND0433,"React, Pandas, Python, Machine Learning, NumPy, Kubernetes",None,Data Scientist
JOB0434,Web Developer,Vertex AI,Gurugram,3,Master's Degree,Contract,6.5,9.3,"HTML, CSS, JavaScript, React, Git, REST API, SQL, PyTorch","Critical Thinking, Communication, Time Management","JavaScript, SQL","Power BI, Excel, Docker",FinTech,Onsite,2026-07-01,CAND0434,"PyTorch, REST API, JavaScript, Git",Azure Fundamentals,Business Analyst
JOB0435,Web Developer,BlueOrbit Technologies,Mumbai,3,Bachelor's Degree,Full-time,6.1,10.3,"HTML, CSS, JavaScript, React, Git, REST API, Kubernetes, R","Time Management, Teamwork, Problem Solving","JavaScript, R","React, Tableau, TensorFlow",Telecom,Hybrid,2026-09-23,CAND0435,"HTML, Kubernetes, React, CSS, REST API",IBM Data Science,Data Analyst
JOB0436,Business Analyst,InnoSoft Technologies,Bengaluru,6,BCA/MCA,Internship,8.0,11.7,"Excel, SQL, Power BI, Tableau, Communication, Requirements Analysis, Azure, PyTorch","Time Management, Communication, Adaptability",SQL,"Kubernetes, React, Jenkins",Healthcare,Onsite,2026-03-11,CAND0436,"Tableau, Communication, SQL",None,Cloud Engineer
JOB0437,Data Analyst,DataSphere Analytics,Delhi,7,Master's Degree,Contract,7.8,10.0,"Python, SQL, Excel, Power BI, Tableau, Statistics, Docker, Jenkins","Problem Solving, Leadership, Adaptability","Python, SQL","Jira, Spark, TensorFlow",Telecom,Remote,2026-01-29,CAND0437,"Jenkins, Python, Tableau",Microsoft Power BI,AI Engineer
JOB0438,DevOps Engineer,NextGen Digital,Delhi,1,Bachelor's Degree,Internship,6.9,8.8,"Linux, Docker, Kubernetes, AWS, Git, CI/CD, TensorFlow, Java","Critical Thinking, Analytical Thinking, Collaboration",Java,"TensorFlow, Docker, Jira",FinTech,Hybrid,2026-09-03,CAND0438,"Kubernetes, Git, CI/CD, TensorFlow",Microsoft Power BI,Software Developer
JOB0439,Data Engineer,NextGen Digital,Mumbai,2,B.Tech/B.E.,Contract,7.5,10.2,"Python, SQL, Spark, AWS, Docker, ETL, PyTorch, Power BI","Collaboration, Leadership, Problem Solving","Python, SQL","Databricks, Jenkins, Spark",Consulting,Remote,2026-08-23,CAND0439,"Docker, Python, ETL, Power BI, AWS, PyTorch, SQL",None,ML Engineer
JOB0440,ML Engineer,Vertex AI,Gurugram,5,Any Graduate,Internship,10.4,13.3,"Python, Machine Learning, TensorFlow, PyTorch, Docker, SQL, Kubernetes, Spark","Problem Solving, Time Management, Teamwork","Python, SQL","Jenkins, PyTorch, React",Telecom,Hybrid,2026-09-05,CAND0440,"Docker, Kubernetes, SQL, TensorFlow",Azure Fundamentals,ML Engineer
JOB0441,DevOps Engineer,InnoSoft Technologies,Pune,0,B.Tech/B.E.,Internship,7.6,9.6,"Linux, Docker, Kubernetes, AWS, Git, CI/CD, SQL, Azure","Adaptability, Collaboration, Communication",SQL,"Power BI, React, TensorFlow",FinTech,Onsite,2026-04-29,CAND0441,"Docker, AWS, CI/CD",IBM Data Science,AI Engineer
JOB0442,Data Scientist,NextGen Digital,Gurugram,4,Master's Degree,Internship,9.9,14.2,"Python, SQL, Machine Learning, Pandas, NumPy, Statistics, Databricks, Jenkins","Time Management, Leadership, Teamwork","Python, SQL","Jenkins, AWS, Docker",Retail,Onsite,2026-04-11,CAND0442,"SQL, Statistics, Pandas, Databricks, Jenkins",None,Data Scientist
JOB0443,DevOps Engineer,InnoSoft Technologies,Kolkata,2,Master's Degree,Internship,8.4,12.6,"Linux, Docker, Kubernetes, AWS, Git, CI/CD, Power BI, TensorFlow","Analytical Thinking, Collaboration, Time Management",R,"Jira, AWS, Excel",FinTech,Hybrid,2026-04-08,CAND0443,"Power BI, Git, TensorFlow, Linux, Kubernetes",Microsoft Power BI,ML Engineer
JOB0444,Data Engineer,InnoSoft Technologies,Delhi,0,BCA/MCA,Contract,7.5,9.9,"Python, SQL, Spark, AWS, Docker, ETL, Azure, Excel","Analytical Thinking, Teamwork, Adaptability","Python, SQL","Jira, AWS, TensorFlow",FinTech,Remote,2026-01-12,CAND0444,"Excel, SQL, Python",Azure Fundamentals,DevOps Engineer
JOB0445,Software Developer,Vertex AI,Delhi,3,B.Tech/B.E.,Contract,6.3,9.9,"Java, Python, SQL, Git, REST API, OOP, C++, React","Communication, Problem Solving, Teamwork","Java, Python, SQL, C++","Spark, Jira, Jenkins",Banking,Remote,2026-06-23,CAND0445,"React, SQL, OOP",None,Software Developer
JOB0446,Software Developer,CloudPeak Systems,Delhi,6,Bachelor's Degree,Full-time,8.4,11.7,"Java, Python, SQL, Git, REST API, OOP, R, AWS","Communication, Critical Thinking, Time Management","Java, Python, SQL, R","Azure, Git, PyTorch",Consulting,Hybrid,2026-09-03,CAND0446,"OOP, Java, Git",AWS Certified,Software Developer
JOB0447,Software Developer,Vertex AI,Ahmedabad,0,B.Tech/B.E.,Full-time,6.0,8.1,"Java, Python, SQL, Git, REST API, OOP, Power BI, Tableau","Critical Thinking, Teamwork, Time Management","Java, Python, SQL","Databricks, PyTorch, Jira",Healthcare,Hybrid,2026-08-09,CAND0447,"Power BI, OOP, Tableau, Java, Git, REST API, Python",Microsoft Power BI,Software Developer
JOB0448,Data Analyst,NextGen Digital,Mumbai,1,BCA/MCA,Contract,4.4,7.1,"Python, SQL, Excel, Power BI, Tableau, Statistics, React, PyTorch","Leadership, Time Management, Teamwork","Python, SQL","React, Docker, Kubernetes",FinTech,Remote,2026-04-03,CAND0448,"Python, React, PyTorch, SQL, Statistics, Power BI, Excel",None,ML Engineer
JOB0449,Data Scientist,Quantix Systems,Delhi,2,BCA/MCA,Internship,8.8,12.7,"Python, SQL, Machine Learning, Pandas, NumPy, Statistics, Spark, R","Collaboration, Teamwork, Communication","Python, SQL, R","PyTorch, Docker, Jenkins",Telecom,Hybrid,2026-05-06,CAND0449,"R, Statistics, Machine Learning, Spark",AWS Certified,Cloud Engineer
JOB0450,Data Scientist,BlueOrbit Technologies,Mumbai,7,BCA/MCA,Contract,10.8,13.2,"Python, SQL, Machine Learning, Pandas, NumPy, Statistics, Docker, TensorFlow","Adaptability, Time Management, Collaboration","Python, SQL","Tableau, Power BI, TensorFlow",Telecom,Hybrid,2026-01-11,CAND0450,"Pandas, Python, Machine Learning, SQL, Docker, TensorFlow, NumPy",Microsoft Power BI,Data Scientist
JOB0451,Data Analyst,CodeCraft India,Hyderabad,3,Bachelor's Degree,Contract,5.6,8.2,"Python, SQL, Excel, Power BI, Tableau, Statistics, Java, Spark","Adaptability, Collaboration, Critical Thinking","Python, SQL, Java","Jenkins, Databricks, Excel",IT Services,Onsite,2026-05-15,CAND0451,"Python, Statistics, Excel, Spark, Java, Tableau",Azure Fundamentals,DevOps Engineer
JOB0452,Data Engineer,InnoSoft Technologies,Ahmedabad,10,BCA/MCA,Contract,11.6,14.4,"Python, SQL, Spark, AWS, Docker, ETL, Excel, JavaScript","Adaptability, Communication, Time Management","Python, SQL, JavaScript","TensorFlow, PyTorch, Databricks",EdTech,Remote,2026-02-13,CAND0452,"Docker, SQL, AWS, ETL, Excel, Python, Spark",Azure Fundamentals,Web Developer
JOB0453,Data Analyst,AlphaByte Labs,Gurugram,4,Any Graduate,Full-time,6.1,8.4,"Python, SQL, Excel, Power BI, Tableau, Statistics, PyTorch, Docker","Adaptability, Communication, Time Management","Python, SQL","Tableau, TensorFlow, React",Retail,Hybrid,2026-01-19,CAND0453,"Docker, Power BI, Python, PyTorch",None,Data Analyst
JOB0454,AI Engineer,DataSphere Analytics,Mumbai,6,B.Tech/B.E.,Internship,11.0,15.1,"Python, Machine Learning, Deep Learning, TensorFlow, PyTorch, NLP, Kubernetes, Git","Collaboration, Critical Thinking, Time Management",Python,"PyTorch, Power BI, Spark",Healthcare,Onsite,2026-04-30,CAND0454,"TensorFlow, NLP, Machine Learning, Kubernetes",IBM Data Science,AI Engineer
JOB0455,Web Developer,Quantix Systems,Pune,5,B.Tech/B.E.,Full-time,7.4,10.0,"HTML, CSS, JavaScript, React, Git, REST API, Spark, Power BI","Analytical Thinking, Collaboration, Adaptability",JavaScript,"Jira, Git, Docker",FinTech,Remote,2026-02-27,CAND0455,"React, JavaScript, HTML",Microsoft Power BI,Data Scientist
JOB0456,Web Developer,CloudPeak Systems,Kolkata,2,Bachelor's Degree,Full-time,5.9,8.4,"HTML, CSS, JavaScript, React, Git, REST API, TensorFlow, Power BI","Leadership, Analytical Thinking, Time Management",JavaScript,"Jenkins, Excel, Databricks",Retail,Remote,2026-05-29,CAND0456,"REST API, React, JavaScript, Git, HTML, TensorFlow",IBM Data Science,Web Developer
JOB0457,Business Analyst,Quantix Systems,Ahmedabad,7,Master's Degree,Contract,7.6,11.3,"Excel, SQL, Power BI, Tableau, Communication, Requirements Analysis, Spark, Python","Time Management, Leadership, Adaptability","SQL, Python","React, TensorFlow, Azure",Banking,Onsite,2026-08-30,CAND0457,"SQL, Excel, Python, Communication, Tableau, Power BI",AWS Certified,Business Analyst
JOB0458,Software Developer,Vertex AI,Hyderabad,6,Any Graduate,Full-time,7.8,10.0,"Java, Python, SQL, Git, REST API, OOP, JavaScript, Jenkins","Collaboration, Leadership, Adaptability","Java, Python, SQL, JavaScript","Databricks, Docker, Git",Telecom,Remote,2026-08-18,CAND0458,"OOP, Java, SQL, REST API, JavaScript, Python",Google Data Analytics,Software Developer
JOB0459,DevOps Engineer,NextGen Digital,Ahmedabad,2,Master's Degree,Internship,7.5,10.2,"Linux, Docker, Kubernetes, AWS, Git, CI/CD, Excel, Jira","Teamwork, Problem Solving, Adaptability",Python,"Jira, Docker, Power BI",E-Commerce,Onsite,2026-08-03,CAND0459,"Kubernetes, Git, AWS, Docker, Excel, CI/CD, Linux",Google Data Analytics,DevOps Engineer
JOB0460,Cloud Engineer,DataSphere Analytics,Chennai,3,Master's Degree,Contract,7.9,11.5,"AWS, Azure, Docker, Kubernetes, Linux, Python, Java, R","Critical Thinking, Adaptability, Problem Solving","Python, Java, R","Excel, Kubernetes, Jenkins",E-Commerce,Remote,2026-01-24,CAND0460,"Linux, AWS, Docker, Python",Google Data Analytics,Cloud Engineer
JOB0461,DevOps Engineer,AlphaByte Labs,Mumbai,1,Any Graduate,Internship,6.9,10.2,"Linux, Docker, Kubernetes, AWS, Git, CI/CD, C++, Azure","Collaboration, Adaptability, Problem Solving",C++,"PyTorch, Docker, Databricks",E-Commerce,Onsite,2026-09-10,CAND0461,"C++, Kubernetes, AWS, Docker, Azure, Linux",None,Software Developer
JOB0462,Software Developer,NextGen Digital,Delhi,4,Any Graduate,Full-time,7.6,9.4,"Java, Python, SQL, Git, REST API, OOP, Databricks, Spark","Leadership, Time Management, Teamwork","Java, Python, SQL","Tableau, Azure, Spark",Retail,Onsite,2026-03-28,CAND0462,"SQL, Java, Spark, OOP, Git",None,Software Developer
JOB0463,DevOps Engineer,NextGen Digital,Pune,0,Bachelor's Degree,Contract,7.6,9.2,"Linux, Docker, Kubernetes, AWS, Git, CI/CD, Tableau, React","Adaptability, Critical Thinking, Problem Solving",Python,"Jira, AWS, TensorFlow",FinTech,Hybrid,2026-08-21,CAND0463,"Git, React, AWS, CI/CD",None,DevOps Engineer
JOB0464,Software Developer,Quantix Systems,Mumbai,1,Bachelor's Degree,Full-time,5.8,8.7,"Java, Python, SQL, Git, REST API, OOP, AWS, Jenkins","Problem Solving, Adaptability, Critical Thinking","Java, Python, SQL","Azure, Git, Databricks",EdTech,Hybrid,2026-04-08,CAND0464,"Python, OOP, AWS, SQL, Java, Jenkins, Git",Google Data Analytics,Cloud Engineer
JOB0465,AI Engineer,NextGen Digital,Kolkata,2,Master's Degree,Internship,9.1,13.2,"Python, Machine Learning, Deep Learning, TensorFlow, PyTorch, NLP, Kubernetes, JavaScript","Leadership, Analytical Thinking, Collaboration","Python, JavaScript","Spark, Git, AWS",EdTech,Onsite,2026-08-03,CAND0465,"TensorFlow, Python, JavaScript, Kubernetes, NLP, Deep Learning, PyTorch",AWS Certified,AI Engineer
JOB0466,AI Engineer,Vertex AI,Pune,4,B.Tech/B.E.,Contract,10.5,12.9,"Python, Machine Learning, Deep Learning, TensorFlow, PyTorch, NLP, JavaScript, Databricks","Analytical Thinking, Teamwork, Problem Solving","Python, JavaScript","Jenkins, Docker, Databricks",E-Commerce,Hybrid,2026-05-07,CAND0466,"Machine Learning, JavaScript, Deep Learning, TensorFlow",Microsoft Power BI,AI Engineer
JOB0467,DevOps Engineer,Vertex AI,Delhi,0,Bachelor's Degree,Contract,6.8,8.9,"Linux, Docker, Kubernetes, AWS, Git, CI/CD, Java, Jenkins","Critical Thinking, Leadership, Problem Solving",Java,"Git, Jira, Power BI",EdTech,Hybrid,2026-08-06,CAND0467,"Linux, Git, Kubernetes, CI/CD, Java, Docker",Microsoft Power BI,Data Engineer
JOB0468,Software Developer,AlphaByte Labs,Ahmedabad,6,Bachelor's Degree,Internship,7.8,12.2,"Java, Python, SQL, Git, REST API, OOP, PyTorch, Docker","Communication, Leadership, Problem Solving","Java, Python, SQL","Spark, Azure, AWS",Retail,Hybrid,2026-06-20,CAND0468,"OOP, Python, REST API, Docker, Java, SQL, Git",IBM Data Science,Software Developer
JOB0469,Software Developer,TechNova Solutions,Bengaluru,8,BCA/MCA,Contract,9.0,11.1,"Java, Python, SQL, Git, REST API, OOP, React, PyTorch","Communication, Leadership, Analytical Thinking","Java, Python, SQL","Excel, Jenkins, Azure",IT Services,Hybrid,2026-09-06,CAND0469,"Java, PyTorch, React, REST API",IBM Data Science,Data Scientist
JOB0470,Data Scientist,Quantix Systems,Kolkata,1,B.Tech/B.E.,Full-time,8.4,10.7,"Python, SQL, Machine Learning, Pandas, NumPy, Statistics, Excel, C++","Adaptability, Leadership, Collaboration","Python, SQL, C++","React, Jira, TensorFlow",Banking,Hybrid,2026-01-08,CAND0470,"SQL, Python, NumPy",Azure Fundamentals,Data Scientist
JOB0471,Data Analyst,NextGen Digital,Ahmedabad,3,Any Graduate,Full-time,5.4,9.8,"Python, SQL, Excel, Power BI, Tableau, Statistics, Jenkins, Docker","Adaptability, Communication, Leadership","Python, SQL","Jenkins, Docker, PyTorch",Retail,Remote,2026-09-05,CAND0471,"Docker, Power BI, Excel, Jenkins, Python, Tableau, SQL",None,Cloud Engineer
JOB0472,AI Engineer,BlueOrbit Technologies,Kolkata,3,B.Tech/B.E.,Full-time,9.6,12.2,"Python, Machine Learning, Deep Learning, TensorFlow, PyTorch, NLP, React, Power BI","Problem Solving, Adaptability, Time Management",Python,"Jira, Kubernetes, Spark",Telecom,Onsite,2026-04-17,CAND0472,"Machine Learning, NLP, Deep Learning, React, Power BI, PyTorch, Python",None,AI Engineer
JOB0473,AI Engineer,AlphaByte Labs,Hyderabad,2,BCA/MCA,Contract,9.3,11.3,"Python, Machine Learning, Deep Learning, TensorFlow, PyTorch, NLP, Git, SQL","Critical Thinking, Teamwork, Communication","Python, SQL","Docker, Jenkins, Tableau",Consulting,Onsite,2026-09-13,CAND0473,"Git, SQL, Python, Deep Learning, Machine Learning",None,Cloud Engineer
JOB0474,ML Engineer,TechNova Solutions,Delhi,1,Bachelor's Degree,Contract,9.1,10.9,"Python, Machine Learning, TensorFlow, PyTorch, Docker, SQL, Azure, AWS","Time Management, Collaboration, Critical Thinking","Python, SQL","PyTorch, React, Databricks",Telecom,Remote,2026-07-24,CAND0474,"AWS, Machine Learning, SQL, Docker, PyTorch, Python",Google Data Analytics,Cloud Engineer
JOB0475,ML Engineer,TechNova Solutions,Chennai,5,Master's Degree,Full-time,10.8,15.2,"Python, Machine Learning, TensorFlow, PyTorch, Docker, SQL, Excel, Jenkins","Problem Solving, Critical Thinking, Communication","Python, SQL","Power BI, TensorFlow, Jenkins",Healthcare,Onsite,2026-08-31,CAND0475,"Docker, PyTorch, Excel, Machine Learning, TensorFlow",IBM Data Science,ML Engineer
JOB0476,Data Scientist,InnoSoft Technologies,Delhi,2,BCA/MCA,Contract,7.9,10.8,"Python, SQL, Machine Learning, Pandas, NumPy, Statistics, R, Databricks","Time Management, Analytical Thinking, Collaboration","Python, SQL, R","Excel, Docker, TensorFlow",Retail,Remote,2026-01-08,CAND0476,"SQL, Machine Learning, Statistics, NumPy",IBM Data Science,Software Developer
JOB0477,Software Developer,CloudPeak Systems,Mumbai,1,B.Tech/B.E.,Full-time,5.7,7.7,"Java, Python, SQL, Git, REST API, OOP, AWS, TensorFlow","Teamwork, Problem Solving, Collaboration","Java, Python, SQL","AWS, Kubernetes, Power BI",Banking,Onsite,2026-04-18,CAND0477,"Python, TensorFlow, REST API, OOP, Git, AWS, SQL",None,DevOps Engineer
JOB0478,ML Engineer,AlphaByte Labs,Delhi,5,Any Graduate,Contract,10.1,13.1,"Python, Machine Learning, TensorFlow, PyTorch, Docker, SQL, R, React","Collaboration, Teamwork, Time Management","Python, SQL, R","Jira, Azure, AWS",EdTech,Remote,2026-08-31,CAND0478,"PyTorch, Docker, React",Google Data Analytics,Data Engineer
JOB0479,Data Engineer,CodeCraft India,Ahmedabad,5,B.Tech/B.E.,Contract,9.0,10.9,"Python, SQL, Spark, AWS, Docker, ETL, R, Git","Analytical Thinking, Problem Solving, Collaboration","Python, SQL, R","Power BI, Azure, Kubernetes",Banking,Remote,2026-04-20,CAND0479,"ETL, SQL, Python, Spark, AWS, Docker",Google Data Analytics,Business Analyst
JOB0480,Data Analyst,TechNova Solutions,Delhi,1,BCA/MCA,Internship,4.9,7.2,"Python, SQL, Excel, Power BI, Tableau, Statistics, Jenkins, Kubernetes","Communication, Collaboration, Adaptability","Python, SQL","Jenkins, Kubernetes, React",Manufacturing,Hybrid,2026-07-23,CAND0480,"Tableau, Python, Statistics",Google Data Analytics,Web Developer
JOB0481,AI Engineer,BlueOrbit Technologies,Mumbai,0,BCA/MCA,Full-time,7.9,12.1,"Python, Machine Learning, Deep Learning, TensorFlow, PyTorch, NLP, C++, Azure","Collaboration, Time Management, Adaptability","Python, C++","Azure, Git, React",IT Services,Hybrid,2026-01-29,CAND0481,"Deep Learning, C++, Machine Learning, Python",IBM Data Science,AI Engineer
JOB0482,Business Analyst,CloudPeak Systems,Gurugram,4,Bachelor's Degree,Contract,7.5,10.2,"Excel, SQL, Power BI, Tableau, Communication, Requirements Analysis, Kubernetes, Databricks","Leadership, Adaptability, Teamwork",SQL,"Git, Jenkins, Power BI",EdTech,Hybrid,2026-02-12,CAND0482,"SQL, Databricks, Communication",Azure Fundamentals,ML Engineer
JOB0483,Business Analyst,TechNova Solutions,Hyderabad,3,BCA/MCA,Contract,6.9,8.7,"Excel, SQL, Power BI, Tableau, Communication, Requirements Analysis, PyTorch, Jira","Teamwork, Leadership, Problem Solving",SQL,"Jira, Git, Databricks",Healthcare,Remote,2026-03-28,CAND0483,"SQL, Excel, PyTorch, Jira, Requirements Analysis, Tableau",IBM Data Science,Business Analyst
JOB0484,ML Engineer,NextGen Digital,Pune,3,Master's Degree,Contract,9.2,11.5,"Python, Machine Learning, TensorFlow, PyTorch, Docker, SQL, Excel, Power BI","Analytical Thinking, Collaboration, Adaptability","Python, SQL","Git, Spark, Kubernetes",E-Commerce,Onsite,2026-08-14,CAND0484,"SQL, PyTorch, Machine Learning, Power BI, TensorFlow, Python, Excel",Azure Fundamentals,Web Developer
JOB0485,Data Engineer,InnoSoft Technologies,Gurugram,4,BCA/MCA,Full-time,9.6,12.4,"Python, SQL, Spark, AWS, Docker, ETL, PyTorch, Jenkins","Teamwork, Problem Solving, Leadership","Python, SQL","AWS, Kubernetes, React",Banking,Hybrid,2026-05-13,CAND0485,"AWS, Spark, ETL, Docker, PyTorch",Azure Fundamentals,Data Engineer
JOB0486,Data Engineer,CloudPeak Systems,Chennai,5,BCA/MCA,Full-time,9.5,13.6,"Python, SQL, Spark, AWS, Docker, ETL, Tableau, Kubernetes","Critical Thinking, Problem Solving, Adaptability","Python, SQL","Power BI, Kubernetes, Excel",Telecom,Hybrid,2026-02-21,CAND0486,"Spark, AWS, Tableau",Azure Fundamentals,Business Analyst
JOB0487,DevOps Engineer,Vertex AI,Delhi,3,Any Graduate,Contract,8.1,11.8,"Linux, Docker, Kubernetes, AWS, Git, CI/CD, Java, SQL","Communication, Problem Solving, Time Management","Java, SQL","AWS, TensorFlow, React",Retail,Onsite,2026-08-04,CAND0487,"CI/CD, AWS, SQL, Java, Kubernetes, Linux, Git",Azure Fundamentals,DevOps Engineer
JOB0488,ML Engineer,CloudPeak Systems,Hyderabad,2,B.Tech/B.E.,Contract,9.6,14.0,"Python, Machine Learning, TensorFlow, PyTorch, Docker, SQL, Kubernetes, Jira","Time Management, Teamwork, Critical Thinking","Python, SQL","Azure, Jira, Databricks",Consulting,Onsite,2026-01-01,CAND0488,"TensorFlow, Kubernetes, Jira, PyTorch, Docker",IBM Data Science,ML Engineer
JOB0489,Software Developer,AlphaByte Labs,Bengaluru,0,Master's Degree,Contract,5.1,6.9,"Java, Python, SQL, Git, REST API, OOP, TensorFlow, Excel","Time Management, Adaptability, Collaboration","Java, Python, SQL","Docker, Spark, Tableau",Banking,Hybrid,2026-03-07,CAND0489,"TensorFlow, OOP, Python, Git, REST API, Excel, Java",IBM Data Science,Data Scientist
JOB0490,DevOps Engineer,BlueOrbit Technologies,Hyderabad,7,Bachelor's Degree,Full-time,9.8,12.0,"Linux, Docker, Kubernetes, AWS, Git, CI/CD, Power BI, Jenkins","Time Management, Adaptability, Communication",Java,"Docker, Git, AWS",Consulting,Onsite,2026-03-12,CAND0490,"CI/CD, Git, Linux, Power BI, AWS",AWS Certified,DevOps Engineer
JOB0491,Web Developer,DataSphere Analytics,Noida,0,Bachelor's Degree,Full-time,5.2,8.0,"HTML, CSS, JavaScript, React, Git, REST API, Databricks, Java","Analytical Thinking, Problem Solving, Time Management","JavaScript, Java","Spark, Docker, Git",Manufacturing,Onsite,2026-06-27,CAND0491,"Databricks, REST API, Git, HTML",Microsoft Power BI,Web Developer
JOB0492,Data Engineer,DataSphere Analytics,Bengaluru,0,Master's Degree,Internship,7.0,10.7,"Python, SQL, Spark, AWS, Docker, ETL, JavaScript, Java","Adaptability, Teamwork, Critical Thinking","Python, SQL, JavaScript, Java","Power BI, PyTorch, Jenkins",Telecom,Hybrid,2026-07-06,CAND0492,"Java, Docker, Spark",Google Data Analytics,AI Engineer
JOB0493,Cloud Engineer,TechNova Solutions,Ahmedabad,0,BCA/MCA,Full-time,6.8,8.7,"AWS, Azure, Docker, Kubernetes, Linux, Python, R, Git","Time Management, Analytical Thinking, Leadership","Python, R","Power BI, Kubernetes, PyTorch",EdTech,Remote,2026-06-01,CAND0493,"Git, Docker, AWS, Linux, R, Azure",None,Data Engineer
JOB0494,DevOps Engineer,NextGen Digital,Chennai,5,Master's Degree,Internship,9.4,12.1,"Linux, Docker, Kubernetes, AWS, Git, CI/CD, TensorFlow, Python","Leadership, Critical Thinking, Communication",Python,"Tableau, PyTorch, Jira",IT Services,Onsite,2026-08-09,CAND0494,"Docker, Git, Linux, Python",Azure Fundamentals,ML Engineer
JOB0495,Data Scientist,InnoSoft Technologies,Kolkata,10,BCA/MCA,Contract,11.5,15.8,"Python, SQL, Machine Learning, Pandas, NumPy, Statistics, Excel, JavaScript","Collaboration, Leadership, Analytical Thinking","Python, SQL, JavaScript","Excel, Power BI, PyTorch",Telecom,Hybrid,2026-03-01,CAND0495,"Excel, Pandas, Python, SQL, Machine Learning",Google Data Analytics,Data Scientist
JOB0496,Data Engineer,Vertex AI,Hyderabad,5,Bachelor's Degree,Contract,8.9,11.9,"Python, SQL, Spark, AWS, Docker, ETL, Jenkins, Databricks","Problem Solving, Time Management, Collaboration","Python, SQL","Kubernetes, React, Excel",Banking,Onsite,2026-01-03,CAND0496,"Jenkins, SQL, ETL",Google Data Analytics,Web Developer
JOB0497,Software Developer,AlphaByte Labs,Chennai,2,BCA/MCA,Contract,6.7,10.4,"Java, Python, SQL, Git, REST API, OOP, Power BI, Jenkins","Problem Solving, Critical Thinking, Adaptability","Java, Python, SQL","Jenkins, Kubernetes, Azure",Retail,Remote,2026-06-25,CAND0497,"Jenkins, REST API, Git, Power BI, SQL, OOP, Python",Google Data Analytics,Software Developer
JOB0498,Data Engineer,BlueOrbit Technologies,Mumbai,0,B.Tech/B.E.,Internship,7.6,12.0,"Python, SQL, Spark, AWS, Docker, ETL, Jenkins, React","Problem Solving, Analytical Thinking, Time Management","Python, SQL","Docker, Databricks, Excel",IT Services,Hybrid,2026-08-20,CAND0498,"ETL, Python, SQL, Docker, Spark, React",Azure Fundamentals,Web Developer
JOB0499,AI Engineer,CloudPeak Systems,Bengaluru,8,Master's Degree,Internship,11.7,15.0,"Python, Machine Learning, Deep Learning, TensorFlow, PyTorch, NLP, React, Databricks","Adaptability, Analytical Thinking, Collaboration",Python,"Azure, Docker, React",EdTech,Hybrid,2026-05-29,CAND0499,"Machine Learning, TensorFlow, Databricks",AWS Certified,AI Engineer
JOB0500,Data Scientist,BlueOrbit Technologies,Bengaluru,4,Bachelor's Degree,Contract,9.2,13.3,"Python, SQL, Machine Learning, Pandas, NumPy, Statistics, Git, JavaScript","Adaptability, Collaboration, Leadership","Python, SQL, JavaScript","Azure, Git, Power BI",Telecom,Onsite,2026-06-21,CAND0500,"JavaScript, Machine Learning, Pandas, SQL, NumPy, Statistics",Google Data Analytics,Data Scientist
